 Salary slips starting on or after this date will be considered for arrear calculations,起始日期在此日期及之后的工资条将纳入欠薪计算范围,
 Unlink Payment on Cancellation of Employee Advance, 员工预支取消时解除支付关联,
"""From Date"" can not be greater than or equal to ""To Date""",“起始日期”不能大于等于“结束日期”,
% Utilization (B + NB) / T,利用率%（基本 + 非基本）/ 总时长,
% Utilization (B / T),利用率%（基本 / 总时长）,
'employee_field_value' and 'timestamp' are required.,必须提供'employee_field_value'和'timestamp',
) for {0},）用于{0},
...Fetching Employees,...正在获取员工数据,
<b>Base</b> amount has not been set for the following employee(s): {0},<b>基本</b>金额未对以下员工设置：{0},
<b>Example:</b> SAL-{first_name}-{date_of_birth.year} <br>This will generate a password like SAL-Jane-1972,<b>示例：</b>SAL-{first_name}-{date_of_birth.year} <br>将生成类似SAL-Jane-1972的密码,
<b>Total Leaves Allocated</b> are more than the number of days in the allocation period,<b>分配的总假期</b>超过分配周期天数,
"<h3>Help</h3>

<p>Notes:</p>

<ol>
<li>Use field <code>base</code> for using base salary of the Employee</li>
<li>Use Salary Component abbreviations in conditions and formulas. <code>BS = Basic Salary</code></li>
<li>Use field name for employee details in conditions and formulas. <code>Employment Type = employment_type</code><code>Branch = branch</code></li>
<li>Use field name from Salary Slip in conditions and formulas. <code>Payment Days = payment_days</code><code>Leave without pay = leave_without_pay</code></li>
<li>Direct Amount can also be entered based on Condition. See example 3</li></ol>

<h4>Examples</h4>
<ol>
<li>Calculating Basic Salary based on <code>base</code>
<pre><code>Condition: base &lt; 10000</code></pre>
<pre><code>Formula: base * .2</code></pre></li>
<li>Calculating HRA based on Basic Salary<code>BS</code> 
<pre><code>Condition: BS &gt; 2000</code></pre>
<pre><code>Formula: BS * .1</code></pre></li>
<li>Calculating TDS based on Employment Type<code>employment_type</code> 
<pre><code>Condition: employment_type==""Intern""</code></pre>
<pre><code>Amount: 1000</code></pre></li>
</ol>","<h3>帮助</h3>

<p>注释：</p>

<ol>
<li>用字段 <code>base</code> 表示员工基本工资</li>
<li>在条件和公式中使用工资组成部分的缩写。 <code>BS = Basic Salary</code></li>
<li>在条件和公式中使用字段名称来显示员工详细信息。 <code>就业类型 = employment_type</code><code>分部 = branch</code></li>
<li>在条件和公式中使用工资单中的字段名称。 <code>账期 = payment_days</code><code>无薪假期 = leave_without_pay</code></li>
<li>也可以根据条件输入具体金额。参见示例 3</li></ol>

<h4>示例</h4>
<ol>
<li>根据 <code>base</code> 计算基本工资
<pre><code>条件：base &lt; 10000</code></pre>
<pre><code>公式：base * .2</code></pre></li>
<li>计算 HRA 基本工资 <code>BS</code>
<pre><code>条件：BS &gt; 2000</code></pre>
<pre><code>公式：BS * .1</code></pre></li>
<li>计算基于 TDS 的员工类型 <code>employment_type</code> 
<pre><code>条件：employment_type==""实习""</code></pre>
<pre><code>金额：1000</code></pre></li>
</ol>",
"<h4>Condition Examples</h4>
<ol>
<li>Applying tax if employee born between 31-12-1937 and 01-01-1958 (Employees aged 60 to 80)<br>
<code>Condition: date_of_birth&gt;date(1937, 12, 31) and date_of_birth&lt;date(1958, 01, 01)</code></li><br><li>Applying tax by employee gender<br>
<code>Condition: gender==""Male""</code></li><br>
<li>Applying tax by Salary Component<br>
<code>Condition: base &gt; 10000</code></li></ol>","<h4>条件示例</h4>
<ol>
<li>如果员工出生在 1937 年 12 月 31 日至 1958 年 1 月 1 日之间（员工年龄在 60 岁至 80 岁之间），则需纳税<br>
<code>条件：date_of_birth&gt;date(1937, 12, 31) and date_of_birth&lt;date(1958, 01, 01)</code></li><br><li>按员工性别算税<br>
<code>条件：gender==""男""</code></li><br>
<li>按工资组成算税<br>
<code>条件：base &gt; 10000</code></li></ol>",
<h5>Employees on Half Day</h5>,<h5>半日制员工</h5>,
<h5>Unmarked Employees</h5>,<h5>未标记员工</h5>,
<hr>,<hr>,
<table class='table table-bordered'><tr><th>{0}</th><th>{1}</th></tr>,<table class='table table-bordered'><tr><th>{0}</th><th>{1}</th></tr>,
A Job Requisition for {0} requested by {1} already exists: {2},由{1}申请的{0}职位申请已存在：{2},
A friendly reminder of an important date for our team.,关于团队重要日期的温馨提示,
A {0} exists between {1} and {2} (,在{1}至{2}期间存在{0}（,
Abbr,简称,
About,关于,
Absent,缺勤,
Absent Days,缺勤天数,
Absent Records,缺勤记录,
Academics User,培训教管,
Accepted,已接受,
Account,科目,
Account Head,科目,
Account No,账号,
Account Not Found,未找到账户,
"Account type should be set {0} for payroll payable account {1}, please set and try again",工资应付账户{1}的账户类型应设置为{0}，请设置后重试,
Account {0} does not belong to company: {1},科目{0}不属于公司：{1},
Account {0} does not match with Company {1},账户{0}与公司{1}不匹配,
Accounting,会计,
Accounting & Payment,会计与支付,
Accounting Details,会计信息,
Accounting Dimensions,辅助核算,
Accounting Ledger,会计分类账,
Accounts,财务,
Accounts not set for Salary Component {0},薪资组件{0}未设置账户,
Accrual,计提,
Accrual Arrears,计提欠薪,
Accrual Component,计提组件,
Accrual Component can only be set for Earning Salary Components.,计提组件仅可为收入类工资组件设置,
Accrual Component can only be set for Flexible Benefit Salary Components with accrual payout methods.,计提组件仅可为采用计提支付方式的弹性福利工资组件设置,
Accrual Component must be set for Flexible Benefit Salary Components with accrual payout methods.,采用计提支付方式的弹性福利工资组件必须设置计提组件,
Accrual Journal Entry for salaries from {0} to {1},{0}至{1}期间工资的应计日记账分录,
Accrue and payout at end of payroll period,在薪资期末计提并支付,
"Accrue per cycle, pay only on claim",按周期计提，仅报销时支付,
Accrued Benefits,计提福利,
Accrued Earnings Report,计提收入报告,
Accrued amount {0} is less than paid amount {1} for Benefit {2} in payroll period {3},在薪资期间{3}中，福利{2}的计提金额{0}小于已付金额{1},
Action,操作,
Action on Submission,提交时动作,
Actions,操作,
Active,在职,
Activities,活动,
Activity Name,活动名称,
Actual Cost,实际成本,
Actual Encashable Days,实际可兑换天数,
Actual balances aren't available because the leave application spans over different leave allocations. You can still apply for leaves which would be compensated during the next allocation.,由于请假申请跨越不同假期分配，当前无法显示实际余额。您仍可申请假期，差额将在下次分配时补足。,
Add Day-wise Dates,添加逐日日期,
Add Employee Property,添加员工属性,
Add Feedback,添加反馈,
Add to Details,添加至明细,
Add unused leaves from previous allocations,添加上次未使用假期,
Add unused leaves from previous leave period's allocation to this allocation,将上一假期周期未使用的假期添加至本次分配,
Added On,反馈日期,
Added tax components from the Salary Component master as the salary structure didn't have any tax component.,薪资结构未配置税费组件，已自动从主薪资组件中添加税费项,
Added to details,已添加至明细,
Additional Amount,附加金额,
Additional Information ,补充信息,
Additional Salary,附加薪资,
Additional Salary ,附加薪资,
Additional Salary for referral bonus can only be created against Employee Referral with status {0},推荐奖金类附加薪资只能针对状态为{0}的员工推荐创建,
Additional Salary for this salary component with {0} enabled already exists for this date,该薪资组件已存在启用{0}的附加薪资,
Additional Salary: {0} already exist for Salary Component: {1} for period {2} and {3},薪资组件{1}在期间{2}至{3}已存在附加薪资{0},
Address of Organizer,组织者地址,
Adjust Allocation,调整分配,
Adjustment Created Successfully,调整项创建成功,
Adjustment Type,调整类型,
Administrator,管理员,
Advance,预支,
Advance Account,预付科目,
Advance Account Required,预支科目必填,
Advance Account is mandatory. Please set the {0} in the Company {1} and submit this document.,预支科目为必填项。请在公司 {1} 中设置 {0} 并提交此文档。,
Advance Account {} currency should be same as Salary Currency of Employee {}. Please select same currency Advance Account,预支科目 {} 的币种应与员工 {} 的工资币种相同。请选择相同币种的预支科目,
Advance Amount,预支金额,
Advance Paid,预付款,
Advance Paid (Company Currency),已付预付款（公司本位币）,
Advance Payments,预付款,
Advanced Filters,高级筛选,
Advances,预付,
All,全部,
All Exchange Gain/Loss amount of {0} has been booked through {1},所有 {0} 的汇兑损益金额已通过 {1} 入账,
All Goals,所有目标,
All Jobs,所有职位,
All allocated assets should be returned before submission,提交前需归还所有已分配资产,
All the mandatory tasks for employee creation are not completed yet.,员工建档的必填任务尚未全部完成,
Allocate,分配,
Allocate Based On Leave Policy,按假期政策分配,
Allocate Leave,分配假期,
Allocate leaves to {0} employee(s)?,是否为{0}名员工分配假期？,
Allocate on Day,按日分配,
Allocated Amount,已分配金额,
Allocated Amount (Company Currency),已分配金额（公司本位币）,
Allocated Leaves,已分配假期,
Allocated Via,分配方式,
Allocating Leave,假期分配中,
Allocation,分配,
Allocation Date,分配日期,
Allocation Details,分配明细,
Allocation Expired!,分配已过期！,
Allocation is greater than the maximum allowed {0} for leave type {1},分配天数超过假期类型{1}允许的最大值{0},
Allocation to Adjust,待调整分配,
Allocation was skipped due to exceeding annual allocation set in leave policy,由于超过假期政策中设置的年度分配，分配被跳过,
Allocation was skipped due to maximum leave allocation limit set in leave type. Please increase the limit and retry failed allocation.,由于假期类型中设置的最大假期分配限制，分配被跳过。请增加限制并重试失败的分配。,
Allow Employee Checkin from Mobile App,允许移动端考勤签到,
Allow Encashment,允许兑换,
Allow Geolocation Tracking,启用地理位置追踪,
Allow Leave Application After (Working Days),允许假期申请截止时间（工作日）,
Allow Multiple Shift Assignments for Same Date,允许同日期多班次分配,
Allow Negative Balance,允许负余额,
Allow Over Allocation,允许超额分配,
Allow User,授权用户,
Allow Users,授权用户,
Allow claim for full benefit amount,允许全额福利报销,
Allow the following users to approve Leave Applications for block days.,授权以下用户审批封班日期的请假申请,
Allows allocating more leaves than the number of days in the allocation period.,允许分配的假期数超过分配周期天数,
Alternating entries as IN and OUT during the same shift,同一班次内交替记录签到/签退,
Amended From,修订自,
Amount,金额,
Amount (Company Currency),金额（本币）,
Amount Based on Formula,公式计算金额,
Amount based on formula,基于公式的金额,
Amount claimed via Expense Claim,通过费用报销申请的金额,
Amount of expense,费用金额,
Amount paid against this encashment,本次兑换已支付金额,
Amount scheduled for deduction via salary,计划通过薪资扣除的金额,
Amount should not be less than zero,金额不能小于零,
Amount that has been paid against this advance,本预支已支付金额,
An Arrear document already exists for employee {0} with salary structure {1} in payroll period {2},员工{0}在薪资期间{2}已存在薪资结构{1}的欠薪文档,
An attendance record is linked to this checkin. Please cancel the attendance before modifying time.,存在关联的考勤记录。修改时间前请先取消考勤记录,
Annual Allocation,年度分配,
Annual Allocation Exceeded,超出年度分配额度,
Annual Salary,年薪,
Annual Taxable Amount,年度应税金额,
Any other details,其他详细信息,
"Any other remarks, noteworthy effort that should go in the records",其他需记录的备注或突出贡献,
Applicable For,适用于,
Applicable Salary Components,适用工资组件,
Applicable in the case of Employee Onboarding,适用于员工入职场景,
Applicant Email Address,申请人邮箱,
Applicant Name,申请人姓名,
Applicant Rating,申请人评分,
Applicant for a Job,职位申请人,
Applicant name,申请人姓名,
Application Status,申请状态,
Application period cannot be across two allocation records,申请周期不可跨越两个分配记录,
Application period cannot be outside leave allocation period,申请周期不可超出假期分配期间,
Applications Received,已收申请,
Applications received:,已接收申请：,
Applies to Company,适用公司,
Apply,应用,
Apply / Approve Leaves,申请/审批假期,
Apply Filters,应用筛选,
Apply Now,立即申请,
Apply for Public Holiday,应用于公共假日,
Apply for Weekend,应用于周末,
Appointment Date,任命日期,
Appointment Letter,聘书,
Appointment Letter Template,聘书模板,
Appointment Letter content,聘书内容,
Appraisal,绩效考核,
Appraisal Cycle,考核周期,
Appraisal Goal,考核目标,
Appraisal KRA,关键绩效领域,
Appraisal Linking,考核关联,
Appraisal Overview,考核概览,
Appraisal Template,考核模板,
Appraisal Template Goal,考核模板目标,
Appraisal Template Missing,考核模板缺失,
Appraisal Template Title,考核模板标题,
Appraisal Template not found for some designations.,部分职级未找到考核模板,
Appraisal creation is queued. It may take a few minutes.,考核创建已加入队列，可能需要几分钟时间,
Appraisal {0} already exists for Employee {1} for this Appraisal Cycle or overlapping period,员工{1}在本考核周期或重叠期间已存在考核{0},
Appraisal {0} does not belong to Employee {1},考核{0}不属于员工{1},
Appraisee,被考核人,
Appraisees: {0},被考核人：{0},
Apprentice,实习生,
Approval,审批,
Approval Status,审批状态,
Approval Status must be 'Approved' or 'Rejected',审批状态必须为'已批准'或'已拒绝',
Approve,批准,
Approved,已批准,
Approver,审批人,
Approvers,审批人列表,
Apr,四月,
Archive,归档,
Archived,已存档,
Are you sure you want to delete the attachment,确认删除该附件？,
Are you sure you want to email the selected salary slips?,确认发送所选工资条？,
Are you sure you want to proceed?,您确定要继续吗？,
Are you sure you want to reject the Employee Referral?,确认拒绝该员工推荐？,
Arrear,欠薪,
Arrear Component,欠薪组件,
Arrear Component cannot be set for Salary Components based on taxable salary.,基于应税工资的工资组件不可设置欠薪组件,
Arrear Start Date,欠薪起始日期,
Arrears,欠薪,
Arrival Datetime,到达时间,
As per your assigned Salary Structure you cannot apply for benefits,根据您的薪资结构，无法申请此福利,
Asset Name,资产名称,
Asset Recovery Cost for {0}: {1},{0}的资产回收成本：{1},
Assets Allocated,已分配资产,
Assign Salary Structure to {0} employee(s)?,是否为{0}名员工分配薪资结构？,
Assign Shift,分配班次,
Assign Shift Schedule,分配班次表,
Assign Structure,分配结构,
Assigned To,创建待办,
Assigning Salary Structure,正在分配薪资结构,
Assigning Structure...,分配结构中...,
Assigning Structures...,分配多个结构...,
Assigning...,正在分配...,
Assignment Starts From,分配开始于,
Assignment based on,分配依据,
Assignment start date cannot be outside holiday list dates,分配开始日期不能在节假日列表日期之外,
Associate Job Opening,关联职位空缺,
Associated Document,关联文档,
Associated Document Type,关联文档类型,
At least one interview has to be selected.,至少需选择一个面试,
Attachments,附件,
Attempted,已尝试,
Attendance,考勤,
Attendance Date,考勤日期,
Attendance From Date,考勤起始日期,
Attendance From Date and Attendance To Date is mandatory,必须填写考勤起止日期,
Attendance ID,考勤编号,
Attendance Marked,已记录考勤,
Attendance Request,考勤申请,
Attendance Settings,考勤设置,
Attendance To Date,考勤截止日期,
Attendance Updated,考勤已更新,
Attendance Warnings,考勤预警,
Attendance date {0} can not be less than employee {1}'s joining date: {2},考勤日期{0}不得早于员工{1}的入职日期{2},
Attendance for all the employees under this criteria has been marked already.,符合条件的所有员工考勤已记录,
Attendance for employee {0} is already marked for an overlapping shift {1}: {2},员工{0}的考勤已记录在重叠班次{1}：{2}中,
Attendance for employee {0} is already marked for the date {1}: {2},员工{0}在日期{1}的考勤已记录：{2},
Attendance for employee {0} is already marked for the following dates: {1},员工{0}在以下日期已有考勤记录：{1},
Attendance for the following dates will be skipped/overwritten on submission,提交时将跳过/覆盖以下日期的考勤记录,
Attendance from {0} to {1} has already been marked for the Employee {2},员工{2}在{0}至{1}期间的考勤已记录,
Attendance has been marked for all the employees between the selected payroll dates.,所选薪资期间内的所有员工考勤已记录,
Attendance is pending for these employees between the selected payroll dates. Mark attendance to proceed. Refer {0} for details.,这些员工在所选薪资期间的考勤待处理，请记录考勤后继续。详情参考{0},
Attendance marked successfully,考勤记录成功,
Attendance marked successfully.,考勤标记成功。,
Attendance not submitted for {0} as it is a Holiday.,{0}为节假日，未提交考勤,
Attendance not submitted for {0} as {1} is on leave.,{0}因{1}请假未提交考勤,
AttendanceRequestListView,考勤申请列表视图,
Attendees,参会人员,
Attrition Count,流失人数,
Aug,八月,
Auto Leave Encashment,自动假期折现,
Automated Based on Goal Progress,基于目标进度自动化,
Automatic Leave Allocation has failed for the following Earned Leaves: {0}. Please check {1} for more details.,以下累计假期的自动假期分配失败：{0}。请查看 {1} 了解详情。,
"Automatically fetches all assets allocated to the employee, if any",自动获取员工所有已分配资产（如有）,
Available Leave(s),可用假期,
Available Leaves,可用假期天数,
Average Feedback Score,平均反馈得分,
Average Rating,平均评分,
"Average of Goal Score, Feedback Score, and Self Appraisal Score",目标评分、反馈评分与自评评分的平均值,
Average rating of demonstrated skills,展示技能的平均评分,
Avg Feedback Score,平均反馈分,
Avg Utilization,平均利用率,
Avg Utilization (Billed Only),平均利用率（仅计费）,
Awaiting Response,等待回复,
Backdated Leave Application is restricted. Please set the {} in {},禁止补请假申请，请在{}设置{},
Bank,银行,
Bank / Cash Account,银行/现金科目,
Bank Account,银行户头,
Bank Account No,银行帐号,
Bank Details,银行详细信息,
Bank Entries,银行流水,
Bank Name,银行名称,
Bank Remittance,银行汇款,
Base,基本,
"Base, Variable & Leave Encashment",基本、可变及假期兑现,
Basic,基础,
Begin On (Days),几天后开始,
Beginner,初学者,
Below is the list of upcoming holidays for you:,以下是您即将到来的假期列表：,
Benefit,福利,
Benefit Amount,福利金额,
Benefit Details,福利明细,
Benefit amount of component {0} exceeds {1},组件{0}的福利金额超过{1},
Benefit amount of component {0} should be greater than 0,组件{0}的福利金额应大于0,
Benefit amount {0} for Salary Component {1} should not be greater than maximum benefit amount {2} set in {3},工资组件{1}的福利金额{0}不应大于在{3}中设置的最大福利金额{2},
Benefits,福利项目,
Bill Amount,账单金额,
Billed Hours,计费工时,
Billed Hours (B),计费工时（B）,
Bimonthly,双月,
Birthday Reminder,生日提醒,
Birthday Reminder 🎂,生日提醒 🎂,
Birthdays,生日列表,
Block Date,封存日期,
Block Days,封存天数,
Block Holidays on important days.,在重要日期封存假期,
Blue,蓝色,
Boarding Status,入职状态,
Body,正文,
Bonus,奖金,
Bonus Amount,奖金金额,
Bonus Payment Date,奖金发放日期,
Bonus Payment Date cannot be a past date,奖金发放日期不能为过去日期,
Branch,分支,
Branch: {0},分支机构：{0},
Bulk Assignments,批量分配,
Bulk Leave Policy Assignment,批量分配休假政策,
Bulk Salary Structure Assignment,批量分配薪资结构,
Bulk attendance marking is already in progress for employee {0}. You can monitor the job status {1},员工 {0} 的批量考勤标记已在进行中。您可以在 {1} 监控任务状态,
Bulk attendance marking is queued with a background job. It may take a while. You can monitor the job status {0},批量考勤标记已排入后台任务队列。可能需要一些时间。您可以在 {0} 监控任务状态,
"By default, the Final Score is calculated as the average of Goal Score, Feedback Score, and Self Appraisal Score. Enable this to set a different formula",默认最终得分为目标得分、反馈得分和自评得分的平均值，启用后可自定义计算公式,
CTC,人力总成本,
Calculate Final Score based on Formula,按公式计算最终得分,
Calculate Payroll Working Days Based On,薪资工作日计算依据,
Calculated in days,按天数计算,
Calls,通话记录,
Campaign,营销活动,
Cancel,取消,
Cancellation Queued,取消已排队,
Cancelled,已取消,
Cannot Modify Time,不可修改时间,
Cannot allocate leaves outside the allocation period {0} - {1},不可在分配期间{0}-{1}外分配假期,
Cannot allocate more leaves due to maximum leave allocation limit of {0} in leave policy assignment,由于假期政策分配中的最大假期分配限制为 {0}，无法分配更多假期,
Cannot allocate more leaves due to maximum leaves allowed limit of {0} in {1} leave type.,由于 {1} 假期类型中允许的最大假期限制为 {0}，无法分配更多假期。,
Cannot break shift after end date,不可在结束日期后拆分班次,
Cannot break shift before start date,不可在开始日期前拆分班次,
Cannot cancel Shift Assignment: {0} as it is linked to Attendance: {1},无法取消班次分配{0}，因其关联考勤记录{1},
Cannot cancel Shift Assignment: {0} as it is linked to Employee Checkin: {1},无法取消班次分配{0}，因其关联员工签到{1},
Cannot create Salary Slip for Employee joining after Payroll Period,无法为薪资周期后入职员工创建工资条,
Cannot create Salary Slip for Employee who has left before Payroll Period,无法为薪资周期前离职员工创建工资条,
Cannot create a Job Applicant against a closed Job Opening,无法为已关闭的职位空缺创建申请人,
Cannot create or change transactions against an Appraisal Cycle with status {0}.,无法对状态为{0}的考核周期创建或修改事务,
Cannot find active Leave Period,未找到有效假期周期,
Cannot mark attendance for an Inactive employee {0},无法为停用员工{0}记录考勤,
Cannot submit. Attendance is not marked for some employees.,无法提交，部分员工考勤未记录,
Cannot update allocation for {0} after submission,提交后不可更新{0}的分配,
Cannot update status of Goal groups,无法更新目标组状态,
Carry Forward,结转,
Carry Forwarded Leaves,结转假期,
Cashier,出纳员,
Casual Leave,事假,
Cause of Grievance,申诉事由,
Change,更改,
Changed the status from {0} to {1} and Status for Other Half to {2} via Attendance Request,通过考勤申请将状态从{0}更改为{1}，并将另一半状态更改为{2},
Changed the status from {0} to {1} via Attendance Request,通过考勤申请将状态从{0}更改为{1},
Changing '{0}' to {1}.,正在将‘{0}’更改为{1}。,
"Changing KRA in this parent goal will align all the child goals to the same KRA, if any.",修改父级目标的KRA将同步所有子目标KRA（如存在）,
Check <a href='/app/List/Error Log?reference_doctype={0}'>{1}</a> for more details,查看<a href='/app/List/Error Log?reference_doctype={0}'>{1}</a>获取详情,
Check Error Log {0} for more details.,查看错误日志{0}获取详情,
Check Vacancies On Job Offer Creation,创建录用通知时检查空缺,
Check {0} for more details,查看{0}获取详情,
Check-in Date,签到日期,
Check-out Date,签退日期,
Checkin Radius,签到半径,
Child nodes can only be created under 'Group' type nodes,子节点只能在'组'类型节点下创建,
Choose the date on which you want to create these components as arrears.,选择将这些组件创建为欠薪的日期,
Claim Benefit For,申请福利对象,
Claim an Expense,费用报销,
Claimed,已申报,
Claimed Amount,申报金额,
Claimed amount of employee {0} exceeds maximum amount eligible for claim {1},员工{0}的报销金额超过符合条件的最大报销金额{1},
Claimed amount of employee {0} should be greater than 0,员工{0}的报销金额应大于0,
Claims,报销单,
Clear All,清空全部,
Clearance Date,清账日期,
Cleared,已清算,
Click {0} to change the configuration and then resave salary slip,点击{0}修改配置后重新保存工资条,
Close,关闭,
Closed,已关闭,
Closed On,关闭日期,
Closes On,截止日期,
Closes on:,截止于：,
Closing Balance,期末余额,
Closing Notes,结案说明,
Collapse All,全部折叠,
Color,颜色,
Comments,评论,
Commission,佣金,
Company,公司,
Company Details,公司信息,
Compensatory Leave Request,补休申请,
Compensatory Off,调休,
Completed,已完成,
Completed On,完成日期,
Completing onboarding,完成入职流程,
Component,薪资构成,
Component properties and references ,组件属性及引用,
Condition,条件,
Condition & Formula,条件与公式,
Condition and Formula Help,条件与公式说明,
Condition and formula,条件与公式,
Conditions and Formula variable and example,条件公式变量及示例,
Conference,会议,
Connections,关联,
Consider Grace Period,考虑宽限期,
Consider Marked Attendance on Holidays,节假日考勤纳入考量,
Consider Unmarked Attendance As,未记录考勤视为,
Consolidate Leave Types,合并休假类型,
Contact Email,联系人邮箱,
Contact No.,联系人电话,
Contact Number,联系电话,
Continue,继续,
Contract,合同,
Copy of Invitation/Announcement,邀请函/公告副本,
Cost,成本,
Cost Center,成本中心,
Cost Centers,成本中心,
Costing,成本核算,
Costing Details,成本核算信息,
Could not submit some Salary Slips: {},无法提交部分工资条：{},
Could not update Goal,无法更新目标,
Could not update goals,无法更新多个目标,
Country,国家,
Country Fixture Deletion Failed,国家基础数据删除失败,
Country Setup failed,国家配置失败,
Course,课程,
Cover Letter,求职信,
Create,创建,
Create Additional Salary,创建附加薪资,
Create Appraisals,创建绩效考核,
Create Employee,创建员工,
Create Interview,创建面试安排,
Create Job Applicant,创建职位申请人,
Create Job Opening,创建职位空缺,
Create Journal Entry,创建日记账分录,
Create New Employee Id,创建新员工编号,
Create Overtime Slip For Eligible Employee(s),为符合条件的员工创建加班单,
Create Overtime Slips,创建加班单,
Create Salary Slip,创建工资条,
Create Salary Slips,批量创建工资条,
Create Shifts After,创建班次时间范围,
Creating Appraisals,正在创建绩效考核,
Creating Payment Entries......,正在创建付款分录......,
Creating Salary Slips...,正在创建工资条...,
Creating {0}...,正在创建{0}...,
Creation Date,创建日期,
Creation Failed,创建失败,
Creation of Salary Structure Assignments has been queued. It may take a few minutes.,薪资结构分配创建已加入队列，可能需要几分钟时间,
Creation of {0} has been queued. It may take a few minutes.,{0}创建已加入队列，可能需要几分钟时间,
Criteria,标准,
Criteria based on which employee should be rated in Performance Feedback and Self Appraisal,绩效反馈与自评的评分依据标准,
Currency,币种,
Currency ,币种,
Currency of selected Income Tax Slab should be {0} instead of {1},所选所得税税级的币种应为{0}而非{1},
Current,当前,
Current CTC,当前人力总成本,
Current Count,当前数量,
Current Employer ,当前雇主,
Current Job Title,当前职位,
Current Month Income Tax,本月所得税,
Current Odometer Value should be greater than Last Odometer Value {0},当前里程表读数应大于上次读数{0},
Current Odometer value ,当前里程表读数,
Current Openings,当前空缺职位,
Current Payroll Period,当前薪资期间,
"Currently, there is no {0} leave period for this date to create/update leave allocation.",当前没有适用于该日期的{0}假期周期用于创建/更新假期分配,
Custom Range,自定义范围,
Customer,客户,
Cyan,青色,
Cycle Name,周期名称,
Cycles,周期,
Daily,每日,
Daily Work Summary,每日工作摘要,
Daily Work Summary Group,每日工作摘要组,
Daily Work Summary Group User,每日工作摘要组成员,
Daily Work Summary Replies,每日工作摘要回复,
Dashboard,数据面板,
Date,日期,
Date ,日期 ,
Date Range,日期范围,
Date Range Exceeded,日期范围超出,
Date is repeated,日期重复,
Date of Birth,出生日期,
Date of Joining,入职日期,
Date {0} is repeated in Overtime Details,日期{0}在加班明细中重复,
Dates & Reason,日期及原因,
Dates Based On,日期依据,
Days for which Holidays are blocked for this department.,本部门封存的假期天数,
Days to Reverse,待冲销天数,
Days to Reverse must be greater than zero.,待冲销天数必须大于零,
Debit A/C Number,借方账号,
Dec,十二月,
Decision Pending,待决策,
Deduct Full Tax on Selected Payroll Date,在选定薪资日期全额扣税,
Deduct Tax For Unsubmitted Tax Exemption Proof,为未提交免税证明的情况扣税,
Deduction,扣除项,
Deduction Arrears,扣款欠薪,
Deduction from Salary,薪资扣除,
Deductions,扣除项,
Deductions before tax calculation,税前扣除项,
Default Account,默认科目,
Default Amount,默认金额,
Default Bank / Cash account will be automatically updated in Salary Journal Entry when this mode is selected.,选择此模式时，银行/现金默认账户将自动更新至薪资日记账,
Default Base Pay,默认基本工资,
Default Employee Advance Account,默认员工预支账户,
Default Expense Claim Payable Account,默认费用报销应付账户,
Default Payroll Payable Account,默认应付薪资账户,
Default Salary Structure,默认薪资结构,
Default Shift,默认班次,
Deferred Expense Account,递延费用科目,
Delete,删除,
Delete Attachment,删除附件,
Delete Demo Data,删除演示数据,
Delivery Trip,配送单,
Department,部门,
Department Approver,部门审批人,
Department {0} does not belong to company: {1},部门{0}不属于公司{1},
Department: {0},部门：{0},
Departure Datetime,离开时间,
Depends On Payment Days,依赖计薪天数,
Depends on Payment Days,依赖计薪天数,
Description,描述,
Description of a Job Opening,职位空缺描述,
Designation,职位,
Designation Skill,职级技能,
Designation: {0},职级：{0},
Details,详情,
"Details of Sponsor (Name, Location)",担保人详细信息（姓名，所在地）,
Disable Rounded Total,禁用小数精度尾差,
"Disable {0} for the {1} component, to prevent the amount from being deducted twice, as its formula already uses a payment-days-based component.",请为{1}组件禁用{0}，因其公式已包含基于计薪天数的组件，避免重复扣除,
Disable {0} or {1} to proceed.,禁用{0}或{1}以继续,
Disabled,已禁用,
Do Not Include in Accounting Entries,不包含在会计分录入账中,
Do Not Include in Total,不计入合计,
Do not include in total,不计入合计,
Do you still want to proceed?,您仍然要继续吗？,
Do you want to update the Job Applicant {0} as {1} based on this interview result?,是否根据本次面试结果将职位申请人{0}状态更新为{1}？,
Document Status,单据状态,
Domestic,国内,
Download PDF,下载PDF,
Download Template,下载模板,
Draft,草稿,
Duplicate Assignment,重复分配,
Duplicate Attendance,重复考勤记录,
Duplicate Claim Detected,检测到重复报销,
Duplicate Entry,重复录入,
Duplicate Job Requisition,重复职位申请,
Duplicate Leave Adjustment,重复假期调整,
Duplicate Overwritten Salary,重复覆盖薪资,
Duplicate Salary Withholding,重复薪资代扣,
Duration (Days),工期(天）,
ERROR({0}): {1},错误({0})：{1},
Early Exit,早退,
Early Exit By,早退处理人,
Early Exits,早退记录,
Earned Leave,带薪休假,
Earned Leave Frequency,带薪休假分配频率,
Earned Leave Schedule,累计假期计划,
Earned Leaves,累计休假,
Earned Leaves are allocated as per the configured frequency via scheduler.,带薪休假按配置频率通过调度程序自动分配,
Earned Leaves are auto-allocated via scheduler based on the annual allocation set in the Leave Policy: {0},根据休假政策{0}设定的年度分配，带薪休假通过调度程序自动分配,
Earned Leaves are leaves earned by an Employee after working with the company for a certain amount of time. Enabling this will allocate leaves on pro-rata basis by automatically updating Leave Allocation for leaves of this type at intervals set by 'Earned Leave Frequency.,带薪休假是员工在公司工作一定时间后获得的假期。启用后，系统将按'分配频率'定期自动按比例更新此类假期分配,
Earning,收入项,
Earning Arrears,收入欠薪,
Earning Component,收入组件,
Earning Salary Component is required for Employee Referral Bonus.,员工推荐奖金需要收入类薪资组件,
Earnings,收入项,
Earnings & Deductions,收入与扣除项,
Edit,编辑,
Effective From,生效日期,
Effective To,失效日期,
Email,邮件,
Email Address,电子邮箱,
Email ID,电子邮件,
Email Salary Slip to Employee,邮件发送工资条至员工,
Email Salary Slips,批量发送工资条邮件,
Email Sent To,邮件接收人,
Email Template,电子邮件模板,
Email sent to {0},邮件已发送至 {0},
Emails salary slip to employee based on preferred email selected in Employee,根据员工档案首选邮箱发送工资条邮件,
Employee,员工,
Employee A/C Number,员工银行账号,
Employee Advance,员工预支,
Employee Advance Account,员工预支科目,
Employee Advance Balance,员工预支余额,
Employee Advance Summary,员工预支汇总,
Employee Advances,员工预支,
Employee Attendance Tool,员工考勤工具,
Employee Benefit Application,员工福利申请,
Employee Benefit Application Detail,员工福利申请明细,
Employee Benefit Claim,员工福利申报,
Employee Benefit Detail,员工福利明细,
Employee Benefit Ledger,员工福利分类账,
Employee Benefits,员工福利,
Employee Boarding Activity,员工入职活动,
Employee Checkin,员工签到,
Employee Company,员工公司,
Employee Cost Center,员工成本中心,
Employee Details,员工详细信息,
Employee Emails,员工邮箱列表,
Employee Exit,员工离职,
Employee Exit Settings,员工离职设置,
Employee Exits,员工离职记录,
Employee Feedback Criteria,员工反馈标准,
Employee Feedback Rating,员工反馈评分,
Employee Grade,员工职级,
Employee Grievance,员工申诉,
Employee Health Insurance,员工健康保险,
Employee Image,员工照片,
Employee Incentive,员工激励,
Employee Info,员工基本信息,
Employee Loan,员工借款,
Employee Name,员工姓名,
Employee Naming By,员工编号规则,
Employee Number,员工号,
Employee Onboarding,员工入职流程,
Employee Onboarding Template,员工入职模板,
Employee Onboarding: {0} already exists for Job Applicant: {1},职位申请人{1}已存在员工入职流程{0},
Employee Performance Feedback,员工绩效反馈,
Employee Promotion,员工晋升,
Employee Promotion Details,员工晋升详情,
Employee Promotion cannot be submitted before Promotion Date,晋升日期前不可提交晋升记录,
Employee Property History,员工属性变更历史,
Employee Referral,员工推荐,
Employee Referral {0} already exists for email: {1},邮箱 {1} 的员工推荐 {0} 已存在,
Employee Referral {0} is not applicable for referral bonus.,员工推荐{0}不符合推荐奖金条件,
Employee Referrals,员工推荐记录,
Employee Responsible ,责任人,
Employee Retained,留任员工,
Employee Separation,员工离职,
Employee Separation Template,员工离职模板,
Employee Settings,员工设置,
Employee Skill,员工技能,
Employee Skill Map,员工技能图谱,
Employee Skills,员工技能列表,
Employee Status,员工状态,
Employee Training,员工培训,
Employee Transfer,员工调岗,
Employee Transfer Detail,员工调岗明细,
Employee Transfer Details,员工调岗详情,
Employee Transfer cannot be submitted before Transfer Date,调岗日期前不可提交调岗记录,
Employee advance account {0} should be of type {1}.,员工预支账户{0}应为{1}类型,
"Employee can be named by Employee ID if you assign one, or via Naming Series. Select your preference here.",员工编号可通过指定员工ID或命名规则生成，请在此选择首选项,
Employee name,员工姓名,
Employee not found,未找到员工,
Employee records are created using the selected option,员工档案将按所选选项创建,
Employee was marked Absent due to missing Employee Checkins.,因缺少签到记录，员工标记为缺勤,
Employee was marked Absent for not meeting the working hours threshold.,因未达到工时阈值，员工标记为缺勤,
Employee was marked Absent for other half due to missing Employee Checkins.,由于缺少员工打卡记录，该员工另一半被标记为缺勤,
Employee {0} : {1},员工{0}：{1},
Employee {0} already has an Attendance Request {1} that overlaps with this period,员工{0}已有考勤申请{1}与本期间重叠,
Employee {0} already has an active Shift {1}: {2} that overlaps within this period.,员工{0}存在活动班次{1}:{2}与本期间重叠,
Employee {0} already submitted an application {1} for the payroll period {2},员工{0}已提交薪资期间{2}的申请{1},
Employee {0} has already applied for Shift {1}: {2} that overlaps within this period,员工{0}已申请与本期间重叠的班次{1}:{2},
Employee {0} has already applied for {1} between {2} and {3} : {4},员工{0}已在{2}至{3}期间申请{1}:{4},
"Employee {0} has already claimed the benefit '{1}' for {2} ({3}).<br>To prevent overpayments, only one claim per benefit type is allowed in each payroll cycle.",员工{0}已在{2}（{3}）期间报销过福利“{1}”。<br>为防止超额支付，每个薪资周期内每种福利类型仅允许报销一次,
Employee {0} is not active or does not exist,员工{0}未激活或不存在,
Employee {0} is on Leave on {1},员工{0}在{1}请假,
Employee {0} not found in Training Event Participants.,未在培训参与者中找到员工{0},
Employee {0} on Half day on {1},员工{0}在{1}为半日假,
Employee {0} relieved on {1} must be set as 'Left',员工{0}于{1}离职需标记为'已离职',
Employees,员工,
Employees HTML,员工HTML模板,
Employees cannot give feedback to themselves. Use {0} instead: {1},员工不可自评，请使用{0}功能：{1},
Employees on Half Day HTML,半日制员工HTML,
Employees will miss holiday reminders from {} until {}. <br> Do you want to proceed with this change?,员工将错过{}至{}期间的假期提醒。<br>是否继续此更改？,
Employees without Feedback: {0},未提交反馈员工：{0},
Employees without Goals: {0},未设置目标员工：{0},
Employees working on a holiday,节假日工作员工,
Employment Type,雇佣类型,
"Enable this to use a specific multiplier for public holidays. If unchecked, the standard multiplier will be used instead.",启用此项可为公共假日使用特定乘数。若未勾选，将使用标准乘数,
"Enable this to use a specific multiplier for weekends. If unchecked, the standard multiplier will be used instead.",启用此项可为周末使用特定乘数。若未勾选，将使用标准乘数,
Enabled,已启用,
Enabled only for Employee Benefit components from Salary Structure Assignment,仅对来自薪资结构分配的员工福利组件启用,
Encashment,折现,
Encashment Amount,折现金额,
Encashment Date,折现日期,
Encashment Days,折现天数,
Encashment Days cannot exceed {0} {1} as per Leave Type settings,根据假期类型设置，折现天数不得超过{0}{1},
Encashment Limit Applied,已应用折现限制,
Encrypt Salary Slips in Emails,邮件工资条加密,
End,结束,
End Date,结束日期,
End Date cannot be before Start Date,结束日期不得早于开始日期,
End Time,结束时间,
End date: {0},截止日期：{0},
End time cannot be before start time,结束时间不得早于开始时间,
Enter Interview Round,输入面试轮次,
Enter a non-zero value to adjust.,请输入非零值进行调整。,
Enter the Standard Working Hours for a normal work day. These hours will be used in calculations of reports such as Employee Hours Utilization and Project Profitability analysis.,输入标准工作日工时，该数值将用于员工工时利用率和项目盈利能力分析等报表,
Enter the number of Leave Without Pay (LWP) days you want to reverse. This value cannot exceed the total LWP days recorded for the selected month,输入要冲销的无薪假（LWP）天数。该值不能超过所选月份记录的总LWP天数,
Enter the number of leaves you want to allocate for the period.,输入本期间需分配的假期天数,
Enter yearly benefit amounts,输入年度福利金额,
Error,错误,
Error Log,错误日志,
Error Message,错误消息,
Error downloading PDF,下载 PDF 时出错,
Error in formula or condition,公式或条件错误,
Error in formula or condition: {0} in Income Tax Slab,所得税税级公式或条件错误：{0},
Error in some rows,部分行数据错误,
Error while evaluating the {doctype} {doclink} at row {row_id}. <br><br> <b>Error:</b> {error} <br><br> <b>Hint:</b> {description},评估{doctype}{doclink}第{row_id}行时出错。<br><br><b>错误：</b>{error}<br><br><b>提示：</b>{description},
Estimated Cost Per Position,单岗位预估成本,
Evaluation,评估,
Evaluation Date,评估日期,
Evaluation Method cannot be changed as there are existing appraisals created for this cycle,本考核周期已存在考核记录，不可更改评估方法,
Event Details,活动详情,
Event Link,活动链接,
Event Location,活动地点,
Event Name,活动名称,
Event Status,活动状态,
Every 2 Weeks,每两周,
Every 3 Weeks,每三周,
Every 4 Weeks,每四周,
Every Valid Check-in and Check-out,每次有效签到/签退,
Every Week,每周,
"Everyone, let’s congratulate them on their work anniversary!",让我们共同祝贺他们的工作周年纪念！,
"Everyone, let’s congratulate {0} on their birthday.",让我们共同祝贺{0}生日快乐！,
Exam,考试,
Exchange Gain/Loss,汇兑损益,
Exchange Rate,汇率,
Exchange rate of Payment Entry against Employee Advance,针对员工预支的付款分录汇率,
Exclude Holidays,排除节假日,
Excluded {0} Non-Encashable Leaves for {1},已排除{1}的不可折现假期{0},
Exempted from Income Tax,免征所得税,
Existing Record,现有记录,
Existing Shift Assignments,现有班次分配,
Exit Confirmed,离职确认,
Exit Details,离职详情,
Exit Interview,离职面谈,
Exit Interview Pending,待处理离职面谈,
Exit Interview Summary,离职面谈汇总,
Exit Interview {0} already exists for Employee: {1},员工{1}已存在离职面谈{0},
Exit Questionnaire,离职问卷,
Exit Questionnaire Notification,离职问卷通知,
Exit Questionnaire Notification Template,离职问卷通知模板,
Exit Questionnaire Pending,待处理离职问卷,
Exit Questionnaire Web Form,离职问卷Web表单,
Expand All,全部展开,
Expected Average Rating,预期平均评分,
Expected By,期望完成时间,
Expected Compensation,期望薪酬,
Expected Skill Set,预期技能要求,
Expected Skillset,预期技能组合,
Expense,费用,
Expense Account,费用科目,
Expense Approver,费用审批人,
Expense Approver Mandatory In Expense Claim,费用报销必须指定审批人,
Expense Claim,费用报销,
Expense Claim Account,费用报销账户,
Expense Claim Advance,费用预支报销,
Expense Claim Detail,费用报销明细,
Expense Claim Summary,费用报销汇总,
Expense Claim Type,费用报销类型,
Expense Claim for Vehicle Log {0},车辆日志{0}的费用报销,
Expense Claim {0} already exists for the Vehicle Log,该车辆日志已存在费用报销{0},
Expense Claims,费用报销记录,
Expense Date,费用日期,
Expense Proof,费用凭证,
Expense Taxes and Charges,费用税费及附加,
Expense Type,费用类型,
Expenses,费用,
Expenses & Advances,费用与预支,
Expenses Settings,费用设置,
Expire Allocation,分配到期,
Expire Carry Forwarded Leaves (Days),结转假期有效期（天）,
Expire Leaves,过期假期处理,
Expired,已过期,
Expired Leave(s),过期假期,
Expired Leaves,过期假期天数,
Explanation,说明,
Export,导出,
Exporting...,导出中...,
Failed,失败,
Failed to create/submit {0} for employees:,为员工创建/提交{0}失败：,
Failed to delete defaults for country {0}.,删除国家{0}默认设置失败,
Failed to download PDF: {0},无法下载 PDF： {0},
Failed to send the Interview Reschedule notification. Please configure your email account.,无法发送面试改期通知。请配置您的邮箱账户。,
Failed to setup defaults for country {0}.,设置国家{0}默认值失败,
Failed to submit some leave policy assignments:,部分休假政策分配提交失败：,
Failed to update the Job Applicant status,更新职位申请人状态失败,
Failed to {0} {1} for employees:,对员工{1}执行{0}操作失败：,
Failure,失败,
Failure Details,故障详情,
Failure Reason,失败原因,
Failure of Automatic Allocation of Earned Leaves,累计假期自动分配失败,
Feb,二月,
Feedback,反馈,
Feedback Count,反馈次数,
Feedback HTML,反馈HTML模板,
Feedback Ratings,反馈评分,
Feedback Reminder Notification Template,反馈提醒通知模板,
Feedback Score,反馈得分,
Feedback Submitted,已提交反馈,
Feedback Summary,反馈汇总,
Feedback already submitted for the Interview {0}. Please cancel the previous Interview Feedback {1} to continue.,面试{0}已存在反馈{1}，请取消后再提交新反馈,
Feedback cannot be recorded for an absent Employee.,缺勤员工无法记录反馈,
Feedback {0} added successfully,反馈{0}添加成功,
Fetch Geolocation,获取地理位置,
Fetch Overtime Details,获取加班明细,
Fetch Shift,获取班次,
Fetch Shifts,获取多个班次,
Fetching Employees,正在获取员工数据,
Fetching Shift,正在获取班次,
Fetching your geolocation,正在获取您的地理位置,
Field Name,字段名称,
File Preview,文件预览,
Fill the form and save it,填写表单并保存,
Filled,已填写,
Filter Based On,筛选基于,
Filter Employees,筛选员工,
Filter List,过滤条件列表,
Filter by Shift,按班次筛选,
Filters,筛选器,
Final Decision,最终决定,
Final Score,最终得分,
Final Score Formula,最终得分公式,
First Check-in and Last Check-out,首次签到与末次签退,
First Day,首日,
First Name ,名字,
Fiscal Year,会计年度,
Fiscal Year {0} not found,未找到会计年度{0},
Fixed Hourly Rate,固定小时费率,
Fleet Manager,车队经理,
Flexible Benefit,弹性福利,
Flexible Benefits,弹性福利,
Flexible Component,弹性组件,
Flight,航班,
FnF Pending,待处理离职结算,
Follow via Email,邮件关注,
Food,餐饮,
For Designation ,适用于职级,
For Employee,员工专属,
"For a day of leave taken, if you still pay (say) 50% of the daily salary, then enter 0.50 in this field.",若员工请假当天仍支付（例如）50%日薪，则在此字段输入0.50,
Formula,公式,
Fortnightly,双周,
Fraction of Daily Salary for Half Day,半日假薪资比例,
Fraction of Daily Salary per Leave,单日假薪资扣除比例,
Fractional Cost,分摊成本,
Frappe HR,人事,
Frappe Support,Frappe支持,
Frequency,频率,
Friday,星期五,
From,发件人,
From Amount,起始金额,
From Date,起始日期,
From Date cannot be greater than To Date,起始日期不能大于结束日期,
From Date must come before To Date,起始日期必须早于截止日期,
From Date {0} cannot be after Payroll Period end date {1},起始日期{0}不能晚于薪资期间结束日期{1},
From Date {0} cannot be after employee's relieving Date {1},起始日期{0}不能晚于员工离职日期{1},
From Date {0} cannot be before Payroll Period start date {1},起始日期{0}不能早于薪资期间开始日期{1},
From Date {0} cannot be before employee's joining Date {1},起始日期{0}不能早于员工入职日期{1},
From Employee,员工,
From Time,开始时间,
From User,来源用户,
From and to dates are mandatory for recurring type additional salaries.,对于周期性类型的额外工资，起始和结束日期为必填项。,
From date can not be less than employee's joining date,起始日期不能早于员工入职日期,
From date can not be less than employee's joining date.,起始日期不得早于员工入职日期,
"From here, you can enable encashment for the balance leaves.",在此可启用剩余假期的折现功能,
From {0} to {1},时间段：{0} 至 {1},
Fuchsia,紫红色,
Fuel Expense,燃油费用,
Fuel Expenses,燃油费用记录,
Fuel Price,燃油价格,
Fuel Qty,燃油数量,
Full Name,全名,
Full and Final Asset,完全资产结算,
Full and Final Outstanding Statement,完全未结清声明,
Full and Final Statement,最终结算单,
Full-time,全职,
Fully Sponsored,全额资助,
Funded Amount,资助金额,
Future Income Tax,未来所得税,
Future dates not allowed,不允许未来日期,
Gain Loss Account,汇兑损益科目,
Gender,性别,
Geolocation,地理位置,
Geolocation Error,地理位置错误,
Geolocation is not supported by your current browser,当前浏览器不支持地理位置功能,
Get Employees,获取员工,
Get Job Requisitions,获取职位申请,
Get Template,获取模板,
Get the app on your device for easy access & a better experience!,在设备上安装应用，获得更便捷的访问与更优体验！,
Get the app on your iPhone for easy access & a better experience,在iPhone安装应用，获得更便捷的访问与更优体验,
Gluten Free,无麸质,
Go to Login,前往登录,
Goal,目标,
Goal Completion (%),目标完成度（%）,
Goal Score,目标得分,
Goal Score (%),目标得分（%）,
Goal Score (weighted),目标得分（加权）,
Goal progress percentage cannot be more than 100.,目标进度百分比不可超过100%,
Goal should be aligned with the same KRA as its parent goal.,子目标应与父目标的关键绩效领域一致,
Goal should be owned by the same employee as its parent goal.,子目标应与父目标归属同一员工,
Goal should belong to the same Appraisal Cycle as its parent goal.,子目标应与父目标属于同一考核周期,
Goal updated successfully,目标更新成功,
Goals,目标,
Goals updated successfully,目标批量更新成功,
Grade,等级,
Grand Total,总计,
Grand Total (Company Currency),总计（本币）,
Green,绿色,
Grievance Against,申诉对象,
Grievance Against Party,被申诉方,
Grievance Details,申诉详情,
Grievance Type,申诉类型,
Gross Pay,应发工资,
Gross Pay (Company Currency),应发工资（公司币种）,
Gross Year To Date,年度累计总收入,
Gross Year To Date(Company Currency),年度累计总收入（公司币种）,
Group,组,
Group By,分组依据,
Group goal's progress is auto-calculated based on the child goals.,组目标的进度根据子目标自动计算,
HR,人事,
HR & Payroll,人力资源与薪资,
HR & Payroll Settings,人力资源与薪资设置,
HR Manager,人资经理,
HR Settings,HR设置,
HR User,人资职员,
HRMS,人力资源管理系统,
Half Day,半日假,
Half Day Date,半日假日期,
Half Day Date is mandatory,必须填写半日假日期,
Half Day Date should be between From Date and To Date,半日假日期应在起止日期之间,
Half Day Date should be in between Work From Date and Work End Date,半日假日期应在工作起止日期之间,
Half Day Marked Employee Header,半日制员工标识标题,
Half Day Records,半日假记录,
Half Yearly,每半年,
Half day date should be in between from date and to date,半日假日期应在起止日期之间,
Half-Yearly,每半年,
Has Certificate,持有证书,
Health Insurance,健康保险,
Health Insurance Name,健康保险名称,
Health Insurance No,健康保险编号,
Health Insurance Provider,健康保险提供商,
Hello,你好,
Help,帮助,
Hey {}! This email is to remind you about the upcoming holidays.,您好{}！此邮件提醒您即将到来的假期。,
Hiring Count,招聘人数,
Hiring Settings,招聘设置,
Hold,临时冻结,
Holiday,假日,
Holiday List,假日列表,
Holiday List Assignment,节假日列表分配,
Holiday List Assignment for {0} already exists for date {1}: {2},{0} 的节假日列表分配已存在于日期 {1}：{2},
Holiday List End,节假日列表结束,
Holiday List Start,节假日列表开始,
Holiday List for Optional Leave,可选假期节假日列表,
Holidays,假期,
Holidays this Month.,本月节假日,
Holidays this Week.,本周节假日,
Home,首页,
Horizontal Break,横向分隔,
Hour Rate,工费率,
Hour Rate (Company Currency),小时费率（公司币种）,
Hourly Rate,小时费率,
Hours,小时,
IFSC,IFSC代码,
IFSC Code,IFSC代码,
IN,签到,
Identification Document Number,证件号码,
Identification Document Type,证件类型,
"If checked, Payroll Payable will be booked against each employee",勾选后，应付薪资将按员工单独记账,
"If checked, flexible benefits are considered only if benefit application exists",若勾选，仅当存在福利申请时才考虑弹性福利,
"If checked, hides and disables Rounded Total field in Salary Slips",勾选后，工资条中隐藏并禁用四舍五入总额字段,
"If checked, overtime slip creation can be handled as part of payroll processing",若勾选，加班单创建可作为薪资处理的一部分进行处理,
"If checked, the full amount will be deducted from taxable income before calculating income tax without any declaration or proof submission.",勾选后，计算所得税前将全额扣除应税收入，无需申报或证明,
"If enabled, deducts payment days for absent attendance on holidays. By default, holidays are considered as paid",启用后，节假日缺勤将扣除计薪天数。默认节假日视为带薪,
"If enabled, the amount will be excluded from accounting entries during Journal Entry creation.",若启用，该金额将在日记账凭证创建时排除在会计分录入账之外。,
"If enabled, the component will be considered as a tax component and the amount will be auto-calculated as per the configured income tax slabs",启用后，该组件视为税务组件并按配置的所得税税级自动计算金额,
"If enabled, the component will be considered in the Income Tax Deductions report",启用后，该组件将计入所得税扣除报告,
"If enabled, the component will not be displayed in the salary slip if the amount is zero",启用后，当金额为零时该组件不显示在工资条中,
"If enabled, the total no. of applications received for this opening will be displayed on the website",启用后，网站将显示该职位空缺的申请总数,
"If enabled, the value specified or calculated in this component will not contribute to the earnings or deductions. However, it's value can be referenced by other components that can be added or deducted. ",启用后，该组件指定或计算的值不计入收入或扣除项，但可被其他组件引用,
"If enabled, this component allows to accrue amounts without adding them to earnings. The accrued balance is tracked in the Employee Benefit Ledger and can be paid out later as needed.",若启用，此组件允许计提金额而不将其添加到收入中。计提余额在员工福利分类账中追踪，可根据需要后续支付。,
"If enabled, this component will be included in arrear calculations",若启用，此组件将包含在欠薪计算中,
"If enabled, total no. of working days will include holidays, and this will reduce the value of Salary Per Day",启用后，总工作日数将包含节假日，从而降低日薪计算值,
"If greater than zero, this sets the maximum benefit amount assignable to any employee",若大于零，此值设置可分配给任何员工的最大福利金额,
"If not checked, the list will have to be added to each Department where it has to be applied.",未勾选时，需手动将该列表添加至每个适用部门,
"If selected, the value specified or calculated in this component will not contribute to the earnings or deductions. However, it's value can be referenced by other components that can be added or deducted. ",选中后，该组件指定或计算的值不计入收入或扣除项，但可被其他组件引用,
"If set, the job opening will be closed automatically after this date",设置后，该职位空缺将在该日期后自动关闭,
"If you are using loans in salary slips, please install the {0} app from Frappe Cloud Marketplace or GitHub to continue using loan integration with payroll.",若在工资条中使用贷款功能，请从Frappe云端市场或GitHub安装{0}应用以继续使用薪资集成贷款功能。,
Import Attendance,导入考勤,
Import Log,导入日志,
Import Successful,导入成功,
Importing {0} of {1},导入{1}的{0},
In Process,进行中,
In Progress,进行中,
In Time,准时,
"In case of any error during this background process, the system will add a comment about the error on this Payroll Entry and revert to the Submitted status",后台处理过程中若发生错误，系统将在薪资条目添加错误注释并恢复至已提交状态,
Inactive,停用,
Incentive,激励,
Incentive Amount,激励金额,
Incentives,提成,
Include Company Descendants,包含子公司,
Include Holidays,包含节假日,
Include Shift Attendance Without Checkins,包含无签到的班次考勤,
Include holidays in Total no. of Working Days,将节假日计入总工作日数,
Include holidays within leaves as leaves,将包含节假日的假期视为正常假期,
Income Tax Breakup,所得税明细,
Income Tax Deducted Till Date,截至当前已扣所得税,
Income Tax Slab,所得税税级,
Income Tax Slab is mandatory since the Salary Structure {0} has a tax component {1},薪资结构{0}包含税费组件{1}，必须设置所得税税级,
Income Tax Slab must be effective on or before Payroll Period Start Date: {0},所得税税级生效日期不得晚于薪资周期开始日期{0},
Income Tax Slab not set in Salary Structure Assignment: {0},薪资结构分配{0}未设置所得税税级,
Income Tax Slab: {0} is disabled,所得税税级{0}已禁用,
Income from Other Sources,其他来源收入,
Incorrect Weightage Allocation,权重分配错误,
"Indicates the number of leaves that cannot be encashed from the leave balance. E.g. with a leave balance of 10 and 4 Non-Encashable Leaves, you can encash 6, while the remaining 4 can be carried forward or expired",表示不可折现的假期余额数量。例如：总假期10天含4天不可折现，可折现6天，剩余4天可结转或过期,
Inspection,检查,
Install,安装,
Install Frappe HR,安装Frappe HR系统,
Insufficient Balance,余额不足,
Insufficient leave balance for Leave Type {0},假期类型{0}余额不足,
Interest,利息,
Interest Amount,利息金额,
Interest Income Account,利息收入账户,
Intermediate,中级,
Intern,实习生,
International,国际,
Internet,互联网,
Interview,面试,
Interview Detail,面试明细,
Interview Details,面试详情,
Interview Feedback,面试反馈,
Interview Feedback Reminder,面试反馈提醒,
Interview Feedback {0} submitted successfully,面试反馈{0}提交成功,
Interview Not Rescheduled,面试未改期,
Interview Reminder,面试提醒,
Interview Reminder Notification Template,面试提醒通知模板,
Interview Rescheduled successfully,面试改期成功,
Interview Round,面试轮次,
Interview Round {0} is only applicable for the Designation {1},面试轮次{0}仅适用于职级{1},
Interview Round {0} is only for Designation {1}. Job Applicant has applied for the role {2},面试轮次{0}仅限职级{1}，而职位申请人申请的是{2},
Interview Scheduled Date,面试预定日期,
Interview Status,面试状态,
Interview Summary,面试汇总,
Interview Type,面试类型,
Interview: {0} Rescheduled,面试改期：{0},
Interviewer,面试官,
Interviewers,面试官列表,
Introduction,介绍,
Invalid,无效,
Invalid Accrual Component,无效计提组件,
Invalid Action,无效操作,
Invalid Additional Salary,无效附加薪资,
Invalid Arrear Component,无效欠薪组件,
Invalid Benefit Amounts,无效福利金额,
Invalid Cost Center,无效成本中心,
Invalid Dates,无效日期,
Invalid LWP Days Reversed,无效LWP天数冲销,
Invalid Leave Ledger Entry,无效假期台账条目,
Invalid Payroll Payable Account. The account currency must be {0} or {1},应付薪资账户无效，账户币种必须为{0}或{1},
Invalid Shift Times,无效班次时间,
Invalid parameters provided. Please pass the required arguments.,参数无效，请传递必要参数,
Investigated,已调查,
Investigation Details,调查详情,
Invited,已邀请,
Invoice Ref,发票参考,
Is Active,生效,
Is Allocated,是否已分配,
Is Applicable for Referral Bonus,是否适用推荐奖金,
Is Carry Forward,是否结转,
Is Compensatory,是否为补休,
Is Compensatory Leave,是否为调休假,
Is Default,是否默认,
Is Earned Leave,是否为带薪假,
Is Expired,是否过期,
Is Flexible Benefit,是否为弹性福利,
Is Group,是组,
Is Income Tax Component,是否所得税组件,
Is Leave Without Pay,是否无薪假,
Is Mandatory,必填,
Is Optional Leave,是否为可选假期,
Is Paid,已付款,
Is Partially Paid Leave,是否为部分带薪假,
Is Recurring,是否循环,
Is Recurring Additional Salary,是否为循环附加薪资,
Is Salary Released,工资是否已发放,
Is Salary Withheld,工资是否暂扣,
Is Tax Applicable,是否适用税费,
Jan,一月,
Job Applicant,职位申请人,
Job Applicant Source,职位申请人来源,
Job Applicant {0} created successfully.,职位申请人{0}创建成功,
Job Applicants are not allowed to appear twice for the same Interview round. Interview {0} already scheduled for Job Applicant {1},同一面试轮次不得重复安排，职位申请人{1}已安排面试{0},
Job Application Route,职位申请路径,
Job Description,职位描述,
Job Offer,录用通知,
Job Offer Term,录用条款,
Job Offer Term Template,录用条款模板,
Job Offer Terms,录用条款内容,
Job Offer status,录用通知状态,
Job Offer: {0} is already for Job Applicant: {1},职位申请人{1}已存在录用通知{0},
Job Opening,职位空缺,
Job Opening Associated,关联职位空缺,
Job Opening Template,职位空缺模板,
Job Openings,职位空缺列表,
Job Openings for the designation {0} are already open or the hiring is complete as per the Staffing Plan {1},职级{0}的职位空缺已开放或按人员配置计划{1}已完成招聘,
Job Requisition,职位申请,
Job Requisition {0} has been associated with Job Opening {1},职位申请{0}已关联职位空缺{1},
Job Title,职位名称,
"Job profile, qualifications required etc.",岗位描述、资质要求等,
Joining Date,入职日期,
Journal Entry,日记账凭证,
July,七月,
June,六月,
KRA,关键绩效领域,
KRA Evaluation Method,KRA评估方法,
KRA updated for all child goals.,所有子目标KRA已更新,
KRA vs Goals,KRA与目标对照,
KRAs,关键绩效领域列表,
Key Performance Area,关键绩效领域,
Key Responsibility Area,关键责任区,
Key Result Area,关键成果领域,
Keyboard Shortcuts,键盘快捷键,
LWP Days Reversed ({0}) does not match actual Payroll Corrections total ({1}) for employee {2} from {3} to {4},员工{2}从{3}到{4}的LWP天数冲销（{0}）与实际薪资调整总额（{1}）不匹配,
Last Day,最后一日,
Last Name,姓,
Last Odometer Value ,上次里程表读数,
Late Entries,迟到记录,
Late Entry,迟到记录,
Late Entry By,迟到处理人,
Latitude,纬度,
Latitude and longitude values are required for checking in.,签到需提供经纬度坐标,
Leave,假期,
Leave Adjustment,假期调整,
Leave Adjustment for this allocation already exists: {0}. Please amend existing adjustment.,此分配已存在假期调整：{0}。请修改现有调整。,
Leave Allocation,假期分配,
Leave Allocation Exists,假期分配已存在,
Leave Allocations,假期分配记录,
Leave Application,请假申请,
Leave Application period cannot be across two non-consecutive leave allocations {0} and {1}.,请假期间不可跨越不连续的假期分配记录{0}和{1},
Leave Approval Notification,请假审批通知,
Leave Approval Notification Template,请假审批通知模板,
Leave Approver,请假审批人,
Leave Approver Mandatory In Leave Application,请假申请必须指定审批人,
Leave Approver Name,请假审批人姓名,
Leave Balance,假期余额,
Leave Balance Before Application,申请前假期余额,
Leave Block List,假期封存列表,
Leave Block List Allow,允许假期封存,
Leave Block List Allowed,允许的封存日期,
Leave Block List Date,封存日期,
Leave Block List Dates,假期封存日期,
Leave Block List Name,假期封存列表名称,
Leave Blocked,已封存假期,
Leave Control Panel,假期控制面板,
Leave Details,假期明细,
Leave Encashment,假期折现,
Leave Encashment Amount Per Day,每日假期折现金额,
Leave Ledger,假期台账,
Leave Ledger Entry,假期台账条目,
"Leave Ledger Entry's To date needs to be after From date. Currently, From Date is {0} and To Date is {1}",假期台账截止日期需晚于起始日期。当前起始日期为{0}，截止日期为{1},
Leave Period,假期周期,
Leave Policy,休假政策,
Leave Policy Assignment,休假政策分配,
Leave Policy Assignment Overlap,休假政策分配重叠,
Leave Policy Detail,休假政策明细,
Leave Policy Details,休假政策详情,
Leave Policy: {0} already assigned for Employee {1} for period {2} to {3},员工{1}在{2}至{3}期间已分配休假政策{0},
Leave Settings,假期设置,
Leave Status Notification,假期状态通知,
Leave Status Notification Template,假期状态通知模板,
Leave Type,假期类型,
Leave Type Name,假期类型名称,
Leave Type can either be compensatory or earned leave.,假期类型需为补休或带薪假,
Leave Type can either be without pay or partial pay,假期类型需为无薪或部分带薪,
Leave Type is mandatory,必须选择假期类型,
Leave Type {0} cannot be allocated since it is leave without pay,假期类型{0}为无薪假不可分配,
Leave Type {0} cannot be carry-forwarded,假期类型{0}不可结转,
Leave Type {0} is not encashable,假期类型{0}不可折现,
Leave Without Pay,无薪假,
Leave Without Pay does not match with approved {} records,无薪假与已批准的{}记录不符,
"Leave allocation is skipped for {0}, because number of leaves to be allocated is 0.",{0} 的假期分配被跳过，因为待分配的假期数量为 0。,
Leave allocation {0} is linked with the Leave Application {1},假期分配{0}关联请假申请{1},
Leave already have been assigned for this Leave Policy Assignment,该休假政策分配已关联假期,
Leave application is linked with leave allocations {0}. Leave application cannot be set as leave without pay,请假申请关联假期分配{0}，不可设为无薪假,
"Leave cannot be allocated before {0}, as leave balance has already been carry-forwarded in the future leave allocation record {1}",不可在{0}前分配假期，因未来分配记录{1}已结转余额,
"Leave cannot be applied/cancelled before {0}, as leave balance has already been carry-forwarded in the future leave allocation record {1}",不可在{0}前申请/取消假期，因未来分配记录{1}已结转余额,
Leave of type {0} cannot be longer than {1}.,{0}类型假期不可超过{1}天,
Leave(s) Expired,过期假期,
Leave(s) Pending Approval,待审批假期,
Leave(s) Taken,已休假天数,
Leaves,请假,
Leaves & Holidays,假期与节假日,
Leaves After Adjustment,调整后假期,
Leaves Allocated,已分配假期,
Leaves Expired,已过期假期,
Leaves Pending Approval,待审批假期,
Leaves for the Leave Type {0} won't be carry-forwarded since carry-forwarding is disabled.,假期类型{0}禁用结转，假期余额不可结转,
Leaves per Year,年度假期天数,
Leaves to Adjust,待调整假期,
Leaves you can avail against a holiday you worked on. You can claim Compensatory Off Leave using Compensatory Leave Request. Click {0} to know more,可在工作日申请补休假，通过补休申请流程操作。点击{0}了解更多,
Left,左对齐,
Letter Head,信头,
Level,级别,
License Plate,车牌,
Lifecycle,生命周期,
Lime,青柠色,
Link the cycle and tag KRA to your goal to update the appraisal's goal score based on the goal progress,将目标关联考核周期并标记KRA，系统将根据目标进度自动更新考核得分,
Linked Project {} and Tasks deleted.,关联项目{}及任务已删除,
Loan,借款,
Loan Account,贷款账户,
Loan Product,贷款产品,
Loan Repayment,贷款还款,
Loan Repayment Entry,贷款还款分录,
Loan cannot be repayed from salary for Employee {0} because salary is processed in currency {1},员工{0}薪资使用{1}币种处理，无法通过薪资扣款还贷,
Location,地点,
Location / Device ID,地点/设备ID,
Location Name,地点名称,
Lodging Required,需住宿,
Log Type,日志类型,
Log Type is required for check-ins falling in the shift: {0}.,班次{0}的签到需指定日志类型,
Login Failed,登录失败,
Longitude,经度,
Lower Range,下限,
MICR,磁墨字符识别码,
Make,制作,
Make Bank Entry,创建银行分录,
Mandatory,必填,
Mandatory Benefit Application,强制福利申请,
Mandatory fields required for this action:,执行此操作需填写以下必填字段：,
Mandatory fields required in {0},{0}中有必填字段,
Manual Rating,手动评分,
Manually,手动,
Mar,三月,
Mark Attendance,记录考勤,
Mark as Completed,标记为已完成,
Mark as In Progress,标记为进行中,
Mark as {0},标记为{0},
Mark attendance as {0} for {1} on selected dates?,确认将{1}在所选日期标记为{0}？,
Mark attendance for existing check-in/out logs before changing shift settings,修改班次设置前请先处理现有签到/签退记录,
Mark {0} as Completed?,确认标记{0}为已完成？,
Mark {0} {1} as {2}?,确认将{0} {1}标记为{2}？,
Marked Attendance,已记录考勤,
Marked Attendance HTML,考勤记录HTML模板,
Marking Attendance,正在记录考勤,
Max Amount Eligible For Claim,符合条件的最大报销金额,
Max Benefit Amount,最高福利金额,
Max Benefit Amount (Yearly),最高福利金额（年度）,
Max Benefits (Amount),最高福利（金额）,
Max Benefits (Yearly),最高福利（年度）,
Max working hours against Timesheet,工时表最大工时限制,
Maximum Benefit Amount,最大福利金额,
Maximum Carry Forwarded Leaves,最多可结转的假期,
Maximum Consecutive Leaves Allowed,允许的最大连续假期天数,
Maximum Consecutive Leaves Exceeded,超过最大连续假期限制,
Maximum Encashable Leaves,最大可折现假期天数,
Maximum Leave Allocation Allowed per Leave Period,每个假期周期允许的最大分配天数,
Maximum Overtime Hours Allowed,允许的最大加班时数,
Maximum Overtime Hours Allowed Per Day,每日允许的最大加班时数,
Maximum encashable leaves for {0} are {1},{0}类型假期的最大可折现天数为{1},
Maximum leave allowed in the leave type {0} is {1},假期类型{0}允许的最大休假天数为{1},
May,五月,
Meal Preference,餐饮偏好,
Medical,医疗,
Message,消息,
Mileage,里程,
Minimum working days required since Date of Joining to apply for this leave,申请该假期需满足自入职日起的最低工作天数,
Missing Advance Account,缺少预支账户,
Missing Field,缺少字段,
Missing Fields,缺少字段,
Missing Mandatory Field,缺少必填字段,
Missing Opening Entries,缺少期初分录,
Missing Relieving Date,缺失离职日期,
Missing Tax Slab,缺失税级,
Mode Of Payment,付款方式,
Mode of Payment,付款方式,
Mode of Travel,出行方式,
Mode of payment is required to make a payment,付款必须指定支付方式,
Model,模型,
Monday,星期一,
Month,月份,
Month To Date,本月累计,
Month To Date(Company Currency),本月累计（公司币种）,
Monthly,每月,
Monthly Attendance Sheet,月度考勤表,
More,更多,
More Info,更多信息,
More than one selection for {0} not allowed,{0}不允许选择多个选项,
Multiple Additional Salaries with overwrite property exist for Salary Component {0} between {1} and {2}.,薪资组件{0}在{1}至{2}期间存在多个具有覆盖属性的附加薪资,
Multiple Shift Assignments,多班次分配,
"Multipliers that adjust the hourly overtime amount for specific scenarios

","针对特定场景调整小时加班费的乘数

",
My Account,我的账户,
Name,名称,
Name error,名称错误,
Name of Organizer,组织者姓名,
Naming Series,命名规则,
Net Pay,净工资,
Net Pay (Company Currency),净工资（公司币种）,
Net Pay Info,净工资信息,
Net Pay cannot be less than 0,净工资不能小于零,
Net Salary Amount,净薪资金额,
Net pay cannot be negative,净工资不可为负数,
New,新建,
New Company,新公司,
New Employee ID,新员工编号,
New Feedback,新建反馈,
New Leave(s) Allocated,新分配假期,
New Leaves Allocated,新分配假期天数,
New Leaves Allocated (In Days),新分配假期（天数）,
New shift assignments will be created after this date.,新班次分配将在此日期后创建,
No,否,
No Bank/Cash Account found for currency {0}. Please create one under company {1}.,未找到币种 {0} 的银行/现金科目。请在公司 {1} 下创建一个。,
No Data,无数据,
No Employee Found,未找到员工,
No Employee found for the given employee field value. '{}': {},根据员工字段值'{}': {} 未找到对应员工,
No Employees Selected,未选择员工,
No Holiday List was found for Employee {0} or their company {1} for date {2}. Please assign through {3},未找到员工 {0} 或其公司 {1} 在日期 {2} 的节假日列表。请通过 {3} 分配,
No Interview has been scheduled.,未安排面试,
No Leave Period Found,未找到假期周期,
No Leaves Allocated to Employee: {0} for Leave Type: {1},员工{0}未分配{1}类型假期,
No Salary Slips with {0} found for employee {1} for payroll period {2}.,未找到员工{1}在薪资期间{2}包含{0}的工资条。,
No Salary Structure Assignment found for employee {0} on date {1},未找到员工{0}在日期{1}的薪资结构分配,
No Salary Structure Assignment found for employee {0} on or before {1},员工{0}在{1}或之前未分配薪资结构,
No Salary Structure assigned to Employee {0} on the given date {1},员工{0}在指定日期{1}未分配薪资结构,
No Salary Structures,无薪资结构,
No Shift Requests Selected,未选择班次申请,
No Staffing Plans found for this Designation,该职级未找到人员配置计划,
No active Salary Structure Assignment found for employee {0} with salary structure {1} on or after arrear start date {2},未找到员工{0}在欠薪起始日期{2}或之后有效的薪资结构{1}分配,
No active employee found associated with the email ID {0}. Try logging in with your employee email ID or contact your HR manager for access.,未找到与邮箱ID {0}关联的有效员工，请使用员工邮箱登录或联系HR获取权限,
No active or default Salary Structure found for employee {0} for the given dates,员工{0}在指定日期范围内未找到有效或默认薪资结构,
No additional expenses has been added,未添加额外费用,
No arrear components found in the existing salary slips.,在现有工资条中未找到欠薪组件。,
No arrear components found in the salary slip. Ensure Arrear Component is checked in the Salary Component master.,在工资条中未找到欠薪组件。请确保在工资组件主数据中勾选“欠薪组件”。,
No arrear details found,未找到欠薪明细,
No attendance records found for employee {0} between {1} and {2},未找到员工{0}在{1}至{2}期间的考勤记录,
No attendance records found for this criteria.,未找到符合该条件的考勤记录,
No attendance records found.,未找到考勤记录,
No attendance records to create due to following reasons,由于以下原因，没有可创建的考勤记录,
No changes found in timings.,未发现时间变更,
No employees found,未找到员工,
No employees found for the mentioned criteria:<br>Company: {0}<br> Currency: {1}<br>Payroll Payable Account: {2},未找到符合以下条件的员工：<br>公司：{0}<br>币种：{1}<br>应付薪资账户：{2},
No employees found for the selected criteria,未找到符合筛选条件的员工,
No feedback has been received yet,尚未收到反馈,
No items selected,未选择项目,
No leave allocation found for {0} for {1} on given date.,在指定日期未找到{0}的{1}假期分配。,
No leave record found for employee {0} on {1},未找到员工{0}在{1}的假期记录,
No leaves have been allocated.,未分配假期,
No more updates,无更多更新,
No of. Positions,岗位数量,
No record found,未找到记录,
No replies from,无来自的回复,
No salary slip found to submit for the above selected criteria OR salary slip already submitted,未找到符合筛选条件的待提交工资条，或工资条已提交,
No salary slips found for the selected employee from {0},未找到选定员工从{0}开始的工资条,
No valid shift found for log time,未找到日志时间的有效班次,
No {0} Selected,未选择{0},
Non Diary,非日志,
Non Taxable Earnings,非应税收入,
Non-Billed Hours,非计费工时,
Non-Billed Hours (NB),非计费工时（NB）,
Non-Encashable Leaves,不可折现假期,
Non-Vegetarian,非素食,
Not Allowed,不允许,
Not Permitted,没有权限,
Not Started,未开始,
Note,备注,
Note: Shift will not be overwritten in existing attendance records,注意：现有考勤记录中的班次不会被覆盖,
Note: Total allocated leaves {0} shouldn't be less than already approved leaves {1} for the period,注意：期间总分配假期{0}不得少于已批准假期{1},
"Note: Your salary slip is password protected, the password to unlock the PDF is of the format {0}.",注意：工资条PDF密码格式为{0},
Notes,备注,
Nothing to change,无变更内容,
Notice Period,通知期,
Notification Template,通知模板,
Notify users by email,邮件通知用户,
Nov,十一月,
Number Of Employees,员工人数,
Number Of Positions,岗位数量,
Number of Leaves,假期数量,
Number of Withholding Cycles,代扣周期数,
Number of leaves eligible for encashment based on leave type settings,根据假期类型设置符合条件的可折现天数,
OUT,签退,
Obtained Average Rating,获得平均评分,
Oct,十月,
Odometer Reading,里程表读数,
Odometer Value,里程表数值,
Off-Shift,非班次时间,
Off-shift,非当班,
Offer Date,录用日期,
Offer Term,录用条款,
Offer Terms,录用条款内容,
Old Parent,旧上级,
On Date,日期,
On Duty,在岗,
On Hold,暂停,
On Leave,休假中,
Onboarding Activities,入职活动,
Onboarding Begins On,入职流程开始日期,
Only Approvers can Approve this Request.,仅审批人可批准此请求,
Only Completed documents can be submitted,仅完成状态的单据可提交,
Only Employee Grievance with status {0} or {1} can be submitted,仅状态为{0}或{1}的员工申诉可提交,
Only Interviewer Are allowed to submit Interview Feedback,仅面试官可提交面试反馈,
Only Interviews with Cleared or Rejected status can be submitted.,仅通过或拒绝状态的面试可提交,
Only Leave Applications with status 'Approved' and 'Rejected' can be submitted,仅'已批准'或'已拒绝'状态的请假申请可提交,
Only Shift Request with status 'Approved' and 'Rejected' can be submitted,仅'已批准'或'已拒绝'状态的班次申请可提交,
Only expired allocation can be cancelled,仅过期分配可取消,
Only interviewers can submit feedback,仅面试官可提交反馈,
Only users with the {0} role can create backdated leave applications,仅具有{0}角色的用户可创建补请假申请,
Only {0} Goals can be {1},仅{0}类型目标可{1},
Open,进行中,
Open & Approved,开放且已批准,
Open Feedback,开放反馈,
Open Now,立即开放,
Opening Balance,期初余额,
Opening Balances,期初余额,
Opening closed.,期初已关闭,
Optional Holiday List not set for leave period {0},假期周期{0}未设置可选节假日列表,
Optional Leaves are holidays that Employees can choose to avail from a list of holidays published by the company.,可选假期是员工可从公司公布的假期列表中选择的节假日,
Orange,橙色,
Organizational Chart,组织架构图,
Other Details,其他详细信息,
Other Settings,其他设置,
Others,其他,
Out Time,签退时间,
Outstanding Amount,未付金额,
Over Allocation,超额分配,
Overall Average Rating,总体平均评分,
Overlapping Attendance Request,重叠考勤申请,
Overlapping Shift Attendance,重叠班次考勤,
Overlapping Shift Requests,重叠班次申请,
Overlapping Shifts,重叠班次,
Overtime Amount Calculation,加班费计算,
Overtime Details,加班明细,
Overtime Duration,加班时长,
Overtime Duration for {0} is greater than Maximum Overtime Hours Allowed,{0}的加班时长超过允许的最大加班时数,
Overtime Salary Component,加班工资组件,
Overtime Slip,加班单,
Overtime Slip Creation Error for {0},{0}的加班单创建错误,
Overtime Slip Creation Failed,加班单创建失败,
Overtime Slip Step,加班单步骤,
Overtime Slip Submission Error for {0},{0}的加班单提交错误,
Overtime Slip Submission Failed,加班单提交失败,
Overtime Slip Submitted,加班单已提交,
Overtime Slip created for {0} employee(s),已为{0}名员工创建加班单,
Overtime Slip creation is queued. It may take a few minutes,加班单创建已加入队列。可能需要几分钟时间,
Overtime Slip submission is queued. It may take a few minutes,加班单提交已加入队列。可能需要几分钟时间,
Overtime Slip:{0} has been created between {1} and {2},加班单：{0}已在{1}至{2}期间创建,
Overtime Slips Created,加班单已创建,
Overtime Slips submitted for {0} employee(s),已为{0}名员工提交加班单,
Overtime Type,加班类型,
Overtime earnings will be booked under this salary component for payout.,加班收入将计入此工资组件进行支付。,
Overview,概况,
Overwrite Salary Structure Amount,覆盖薪资结构金额,
Overwrite Salary Structure Amount is disabled as the Salary Component: {0} not part of the Salary Structure: {1},覆盖薪资结构金额已禁用，因为薪资组件 {0} 不是薪资结构 {1} 的一部分,
Owned,资,
PWA Notification,渐进式Web应用通知,
Paid,已付款,
Paid Amount,已付金额,
Paid Amount (Company Currency),付款金额（本币）,
Paid via Salary Slip,通过工资条支付,
Parameter,参数,
Parent Goal,父级目标,
Part-time,兼职,
Partial Success,部分成功,
"Partially Sponsored, Require Partial Funding",部分资助，需部分资金,
Partly Claimed and Returned,部分申报并退回,
Passport Number,护照号码,
Password Policy,密码策略,
Password policy cannot contain spaces or simultaneous hyphens. The format will be restructured automatically,密码策略不能包含空格或连续连字符。格式将自动调整,
Password policy for Salary Slips is not set,未设置工资条密码策略,
Pay Rate Multipliers,支付费率乘数,
Pay Via Payment Entry,通过付款分录支付,
Payable Account,应付科目,
Payable Account is mandatory to submit an Expense Claim,提交费用报销必须填写应付账户,
Payables,应付账款,
Payment,付款,
Payment Account,付款科目,
Payment Account is mandatory,支付账户为必填项,
Payment Date,支付日期,
Payment Days,计薪天数,
Payment Days Calculation Help,计薪天数计算说明,
Payment Days Dependency,计薪天数依赖项,
Payment Days calculations are based on these Payroll Settings,计薪天数计算基于以下薪资设置,
Payment Entry,收付款凭证,
Payment Entry Reference,付款参考,
Payment of {0} from {1} to {2},从{1}至{2}支付{0},
Payout,支付,
Payout Method,支付方式,
Payout Unclaimed Amount in Final Payroll Cycle,在最终薪资周期支付未申领金额,
Payroll,薪资,
Payroll Based On,薪资计算依据,
Payroll Correction,薪资调整,
Payroll Correction Child,薪资调整子项,
Payroll Cost Center,薪资成本中心,
Payroll Cost Centers,薪资成本中心,
Payroll Date,薪资日期,
Payroll Employee Detail,员工薪资明细,
Payroll Entry,薪资录入,
Payroll Entry cancellation is queued. It may take a few minutes,薪资条目取消已加入队列，可能需要几分钟,
Payroll Frequency,薪资频率,
Payroll Info,薪资信息,
Payroll Number,薪资编号,
Payroll Payable,薪资应付,
Payroll Payable Account,应付薪资账户,
Payroll Period,薪资周期,
Payroll Period Date,薪资周期日期,
Payroll Periods,薪资周期列表,
Payroll Settings,薪资设置,
Payroll date can not be greater than employee's relieving date.,薪资日期不得晚于员工离职日期,
Payroll date can not be less than employee's joining date.,薪资日期不得早于员工入职日期,
Payroll date cannot be in the past. This is to ensure that claims are made for the current or future payroll cycles.,薪资日期不能为过去日期。此举旨在确保报销针对当前或未来薪资周期。,
Payroll date is mandatory for non-recurring type additional salaries.,对于非周期性类型的额外工资，工资日期为必填项。,
Pending,进行中,
Pending (unpaid) amount from previous advances,历史预支未付金额,
Pending Amount,待付款金额,
Pending Asset Returns,待归还资产,
Pending Department Approval,待部门审批,
Pending Finance Approval,待财务审批,
Pending FnF,待处理离职结算,
Pending GM Approval,待总经理审批,
Pending Interviews,待处理面试,
Pending Peer Verification,待同部门验收,
Pending Questionnaires,待处理问卷,
Percent Deduction,百分比扣除,
Percentage (%),百分比（%）,
Phone Number,电话,
Piecework,计件工作,
Pink,粉色,
Planned number of Positions,计划岗位数量,
Please Enable Auto Attendance and complete the setup first.,请先启用自动考勤并完成设置,
Please Select Company First,请先选择公司,
Please assign a Salary Structure for Employee {0} applicable from or before {1} first,请先为员工{0}分配自{1}或之前生效的薪资结构,
Please confirm once you have completed your training,完成培训后请确认,
Please create a new {0} for the date {1} first.,请先为日期{1}新建{0},
Please delete the Employee {0} to cancel this document,请先删除员工{0}以取消该单据,
Please enable default incoming account before creating Daily Work Summary Group,创建每日工作摘要组前请先设置默认收入账户,
Please enter the designation,请输入职级,
"Please fill in Employee, Posting Date, and Company before fetching overtime details.",请在获取加班明细前填写员工、过账日期和公司。,
Please reduce {0} to avoid shift time overlapping with itself,请调整{0}以避免班次时间重叠,
Please see attachment,请查看附件,
Please select Company and Designation,请选择公司和职级,
Please select Employee first.,请先选择员工,
Please select Filter Based On,请选择筛选依据,
Please select From Date and Payroll Frequency first,请先选择起始日期和薪资频率,
Please select From Date.,请选择起始日期,
Please select Shift Schedule and assignment date(s).,请选择班次表和分配日期,
Please select Shift Type and assignment date(s).,请选择班次类型和分配日期,
Please select a Company,请选择公司,
Please select a company first,请先选择公司,
Please select a company first.,请先选择公司,
Please select a csv file,请选择CSV文件,
Please select a date.,请选择日期,
Please select an Applicant,请选择申请人,
Please select at least one Shift Request to perform this action.,请至少选择一个班次申请执行此操作,
Please select at least one employee to perform this action.,请至少选择一名员工执行此操作,
Please select at least one row to perform this action.,请至少选择一行执行此操作,
Please select company.,请选择公司,
Please select employee first,请先选择员工,
Please select employees to create appraisals for,请选择要创建绩效考核的员工,
Please select half day attendance status.,请选择半日考勤状态。,
Please select month and year.,请选择月份和年份,
Please select the Appraisal Cycle first.,请先选择考核周期,
Please select the attendance status.,请选择考勤状态,
Please select the employees you want to mark attendance for.,请选择要记录考勤的员工,
Please select the salary slips to email,请选择要发送邮件的工资条,
"Please set ""Default Payroll Payable Account"" in Company Defaults","请在公司默认设置中设置""默认薪资账户""",
Please set Earning Component for Leave type: {0}.,请为假期类型{0}设置收入组件,
Please set Payroll based on in Payroll settings,请在薪资设置中选择薪资计算依据,
Please set a date range less than 90 days.,请设置小于90天的日期范围。,
Please set account in Salary Component {0},请在薪资组件{0}设置账户,
Please set default template for Leave Approval Notification in HR Settings.,请在HR设置中设置假期审批通知默认模板,
Please set default template for Leave Status Notification in HR Settings.,请在HR设置中设置假期状态通知默认模板,
Please set the Advance Account {0} or in {1},请设置预支科目 {0} 或在 {1} 中设置,
Please set the Appraisal Template for all the {0} or select the template in the Employees table below.,请为所有{0}设置考核模板，或在下方员工表中选择模板,
Please set the Company,请设置公司,
Please set the Date Of Joining for employee {0},请设置员工{0}的入职日期,
Please set the Holiday List.,请设置节假日列表,
Please set the date range.,请设置日期范围。,
Please set the relieving date for employee {0},请设置员工{0}的离职日期,
Please set {0} and {1} in {2}.,请在{2}中设置{0}和{1},
Please set {0} for Employee {1},请为员工{1}设置{0},
Please set {0} for the Employee: {1},请为员工{1}设置{0},
Please set {0}.,请设置{0},
Please setup Employee Naming System in Human Resource > HR Settings,请在人力资源>HR设置中配置员工编号系统,
Please setup numbering series for Attendance via Setup > Numbering Series,请通过设置>编号规则配置考勤编号系列,
Please share your feedback to the training by clicking on 'Training Feedback' and then 'New',请点击'培训反馈'后点击'新建'提交反馈,
Please specify the job applicant to be updated.,请指定要更新的职位申请人,
"Please specify {0} and {1} (if any), for the correct tax calculation in future salary slips.",请填写{0}及{1}(如有)，以确保未来工资条正确计税,
Please submit the {0} before marking the cycle as Completed,标记周期为已完成前请先提交{0},
Please update your status for this training event,请更新您在此培训活动的状态,
Posted On,过账日期,
Posting Date,过账日期,
Preferred Area for Lodging,首选住宿区域,
Present,出勤,
Present Records,出勤记录,
Prevent self approval for expense claims even if user has permissions,即使用户具有权限，也阻止费用报销的自我审批,
Prevent self approval for leaves even if user has permissions,即使有权限也禁止自我审批假期,
Preview Salary Slip,预览工资条,
Principal Amount,本金金额,
Print Heading,打印标题,
Printed On {0},打印时间：{0},
Printing Details,打印设置,
Privilege Leave,特权假,
Probation,试用期,
Probationary Period,试用期间,
Process Payroll Accounting Entry based on Employee,按员工处理薪资会计条目,
Process Requests,处理请求,
Process Shift Requests,处理班次申请,
Process leave encashment via a separate Payment Entry instead of Salary Slip,通过独立付款分录处理假期折现而非工资条,
Process {0} Shift Request(s) as <b>{1}</b>?,是否将{0}个班次申请处理为<b>{1}</b>？,
Processing Requests,处理请求,
Processing Requests...,正在处理请求...,
Processing of Shift Requests has been queued. It may take a few minutes.,班次申请处理已加入队列，可能需要几分钟,
Proficiency,熟练程度,
Profit,利润,
Progress,进度,
Project,项目,
Promotion Date,晋升日期,
Property,属性,
Property already added,属性已添加,
Public Holiday Multiplier,公共假日乘数,
Publish Applications Received,公开已收申请数,
Publish Salary Range,公开薪资范围,
Publish on website,在网站发布,
Purpose,目的,
Purpose & Amount,用途与金额,
Purpose of Travel,差旅目的,
Quarterly,每季度,
Questionnaire Email Sent,问卷邮件已发送,
Queued,已排队,
Quick Filters,快速筛选,
Quick Links,快速链接,
Radius within which check-in is allowed (in meters),允许签到半径(米),
Raised By,申请人,
Rate,单价,
Rate Goals Manually,手动评分目标,
Rating,评分,
Rating Criteria,评分标准,
Ratings,评分列表,
Re-allocate Leaves,重新分配假期,
Read,读,
Reason,原因,
Reason for Adjustment,调整原因,
Reason for Requesting,申请原因,
Reason for Withholding Salary,薪资代扣原因,
Reason for skipping auto attendance:,跳过自动考勤的原因：,
Receivable,应收,
Receivables,应收账款,
Recent Attendance Requests,最近考勤申请,
Recent Expenses,最近费用,
Recent Leaves,最近假期,
Recent Shift Requests,最近班次申请,
Recover Cost,收回成本,
Recruitment,招聘,
Recruitment Analytics,招聘分析,
Red,红色,
Reduce,减少,
Reducing maximum leaves allowed after allocation may cause scheduler to allocate incorrect number of earned leaves. Proceed with caution.,分配后减少允许的最大假期天数可能导致调度程序分配错误的应计假期天数。请谨慎操作。,
Reduction is more than {0}'s available leave balance {1} for leave type {2},减少天数超过{0}在假期类型{2}下的可用假期余额{1},
Reference,参考,
Reference Doctype,参考文档类型,
Reference Document,参考单据,
Reference Document Name,参考单据名称,
Reference Document Type,参考文档类型,
Reference: {0},参考编号：{0},
References,参考,
Referral Bonus Payment Status,推荐奖金支付状态,
Referral Details,推荐详情,
Referrer,来源页,
Referrer Details,推荐人详情,
Referrer Name,推荐人姓名,
Reflections,总结,
Refuelling Details,加油详情,
Reject,拒绝,
Reject Employee Referral,拒绝员工推荐,
Rejected,已拒绝,
Release Withheld Salaries,发放代扣薪资,
Released,已发放,
Relieving Date,离职日期,
Relieving Date ,离职日期,
Relieving Date Missing,缺失离职日期,
Remaining Benefits (Yearly),剩余福利（年度）,
Remark,备注,
Remarks,备注,
Remind Before,提前提醒,
Reminded,已提醒,
Reminder,提醒,
Reminders,提醒列表,
Remove if Zero Valued,零值时移除,
Rented Car,租用车辆,
Reopen,重新打开,
Repay From Salary,从工资中偿还,
Repay From Salary can be selected only for term loans,仅定期贷款可选择从工资中偿还,
Repay Unclaimed Amount from Salary,从工资中偿还未申领金额,
Repeat On Days,重复天数,
Replied,已回复,
Replies,回复,
Reports,报表,
Reports To,汇报对象,
Request Attendance,申请考勤,
Request a Leave,申请休假,
Request a Shift,申请班次,
Requested By,申请人,
Requested By (Name),申请人（姓名）,
Require Full Funding,需全额资助,
Required Skills,所需技能,
Required for Employee Creation,员工建档必填,
Reschedule Interview,重新安排面试,
Resignation Letter Date,辞职信日期,
Resolution Date,问题解决日期,
Resolution Details,解决方案,
Resolved,已解决,
Resolved By,问题解决者,
Responsibilities,职责,
Restrict Backdated Leave Application,限制补请假申请,
Result,结果,
Resume,恢复,
Resume Attachment,简历附件,
Resume Link,简历链接,
Resume link,简历链接,
Retained,留任,
Retention Bonus,留任奖金,
Retirement Age (In Years),退休年龄（年）,
Retry Failed,重试失败,
Retry Failed Allocations,重试失败的分配,
Retry Successful,重试成功,
Retrying allocations,正在重试分配,
Return,归还,
Return amount cannot be greater than unclaimed amount,返还金额不可超过未申领金额,
Returned,已退回,
Returned Amount,已归还金额,
Review various other settings related to Employee Leaves and Expense Claim,审阅与员工假期及费用报销相关的其他设置,
Reviewer,审核人,
Reviewer Name,审核人姓名,
Revised CTC,修订后人力总成本,
Right,右对齐,
Role,角色,
Role Allowed to Create Backdated Leave Application,允许创建补请假申请的角色,
Roster,排班表,
Round Name,轮次名称,
Round to the Nearest Integer,四舍五入至整数,
Rounded Total,圆整后总金额,
Rounded Total (Company Currency),圆整后金额（本币）,
Rounding,四舍五入,
Route,路由,
Route to the custom Job Application Webform,指向自定义职位申请网页表单的路径,
Row #{0}: Cannot set amount or formula for Salary Component {1} with Variable Based On Taxable Salary,行号#{0}：无法为薪资组件{1}设置金额或公式，因其基于应税工资变量,
Row #{0}: The {1} Component has the options {2} and {3} enabled.,行号#{0}：组件{1}已启用{2}和{3}选项,
Row #{0}: Timesheet amount will overwrite the Earning component amount for the Salary Component {1},行号#{0}：工时表金额将覆盖薪资组件{1}的收入项金额,
Row No {0}: Amount cannot be greater than the Outstanding Amount against Expense Claim {1}. Outstanding Amount is {2},行号{0}：金额不可超过费用报销{1}的未结金额{2},
Row {0}# Allocated amount {1} cannot be greater than unclaimed amount {2},行号{0}# 分配金额{1}不可超过未申领金额{2},
Row {0}# Paid Amount cannot be greater than Encashment amount,行号{0}# 已付金额不可超过折现金额,
Row {0}# Paid Amount cannot be greater than requested advance amount,行号{0}# 已付金额不可超过申请的预支金额,
Row {0}: Cost Center {1} does not belong to Company {2},第 {0} 行: 成本中心 {1} 不属于公司 {2},
Row {0}: Goal Score cannot be greater than {1},第{0}行：目标评分不能大于{1},
Row {0}: Paid amount {1} is greater than pending accrued amount {2} against loan {3},行号{0}：已付金额{1}超过贷款{3}的待计金额{2},
Row {0}: {1},行号{0}：{1},
Row {0}: {1} is required in the expenses table to book an expense claim.,行号{0}：费用表中需填写{1}以登记费用报销,
Salary,工资,
Salary Component,薪资组件,
Salary Component Account,薪资组件账户,
Salary Component Based,基于工资组件,
Salary Component Type,薪资组件类型,
Salary Component for timesheet based payroll.,基于工时表的薪资组件,
Salary Component {0} cannot be selected more than once in Employee Benefits,工资组件{0}在员工福利中不能重复选择,
Salary Component {0} is currently not used in any Salary Structure.,薪资组件{0}当前未在任何薪资结构中使用,
Salary Component {0} must be of type 'Earning' to be used in Employee Benefit Ledger,工资组件{0}必须为“收入”类型才能用于员工福利分类账,
Salary Currency,薪资货币,
Salary Detail,薪资明细,
Salary Details,薪资详情,
Salary Expectation,期望薪资,
Salary Paid Per,薪资支付周期,
Salary Payments Based On Payment Mode,基于支付方式的薪资支付,
Salary Payments via ECS,通过ECS支付的薪资,
Salary Range,薪资范围,
Salary Register,薪资登记表,
Salary Slip,工资条,
Salary Slip Based on Timesheet,基于工时表的工资条,
Salary Slip ID,工资条编号,
Salary Slip Leave,工资条假期,
Salary Slip Loan,工资条贷款,
Salary Slip Reference,工资条参考,
Salary Slip Timesheet,工资条工时表,
Salary Slip already exists for {0} for the given dates,员工{0}的工资条在指定日期已存在,
Salary Slip creation is queued. It may take a few minutes,工资条创建已加入队列，可能需要几分钟,
Salary Slip not found.,未找到工资条。,
Salary Slip of employee {0} already created for this period,员工{0}的工资条已在本周期创建,
Salary Slip of employee {0} already created for time sheet {1},员工{0}的工资条已关联工时表{1},
Salary Slip submission is queued. It may take a few minutes,工资条提交已加入队列，可能需要几分钟,
Salary Slip {0} failed for Payroll Entry {1},工资条{0}处理失败，关联薪资条目{1},
Salary Slip {0} failed. You can resolve the {1} and retry {0}.,工资条{0}处理失败。解决{1}后重试{0},
Salary Slips Created,已创建工资条,
Salary Slips Submitted,已提交工资条,
"Salary Slips already exist for employees {}, and will not be processed by this payroll.",员工{}的工资条已存在，本次薪资处理将跳过,
Salary Slips submitted for period from {0} to {1},已提交{0}至{1}期间的工资条,
Salary Structure,薪资结构,
Salary Structure Assignment,薪资结构分配,
Salary Structure Assignment field,薪资结构分配字段,
Salary Structure Assignment for Employee already exists,员工薪资结构分配已存在,
Salary Structure Assignment not found for employee {0} on date {1},未找到员工{0}在日期{1}的薪资结构分配,
Salary Structure Missing,缺失薪资结构,
Salary Structure not assigned for employee {0} for date {1},员工{0}在日期{1}未分配薪资结构,
Salary Structure {0} does not belong to company {1},薪资结构{0}不属于公司{1},
Salary Structures updated successfully,薪资结构更新成功,
Salary Withholding,薪资代扣,
Salary Withholding Cycle,薪资代扣周期,
Salary Withholding {0} already exists for employee {1} for the selected period,员工{1}在选定期间已存在薪资代扣{0},
"Salary already processed for period between {0} and {1}, Leave application period cannot be between this date range.",薪资已在{0}至{1}期间处理，请假申请期间不可在此范围内,
Salary breakup based on Earning and Deduction.,基于收入与扣除项的薪资明细,
Salary slip emails have been enqueued for sending. Check {0} for status.,工资条邮件已加入发送队列，查看{0}了解状态,
Sales Invoice,销售发票,
Same Company is entered more than once,同一公司被输入了多次,
Sanctioned Amount,批准金额,
Sanctioned Amount (Company Currency),核准金额（公司本位币）,
Sanctioned Amount cannot be greater than Claim Amount in Row {0}.,行号{0}中批准金额不可超过报销金额,
Saturday,星期六,
Save,保存,
Scheduled,已排程,
Scheduled On,安排日期,
Scheduler,调度器,
Score,得分了,
Score Earned,获得分数,
Score must be less than or equal to 5,得分必须小于等于5,
Scores,得分列表,
Search for Jobs,搜索职位,
Select Applicable Components for Overtime Type,选择加班类型适用的组件,
Select Company,选择公司,
Select Employees,选择员工,
Select Interview Round First,请先选择面试轮次,
Select Interview first,请先选择面试,
Select Month for LWP Reversal,选择LWP冲销月份,
Select Payment Account to make Bank Entry,选择支付账户以创建银行分录,
Select Payroll Frequency.,选择薪资频率,
Select Property,选择属性,
Select Shift Requests,选择班次申请,
Select Terms and Conditions,选择条款与条件,
Select Users,选择用户,
Select an employee to get the employee advance.,选择员工以获取预支款,
Select if any of the days selected for request are holidays,如果申请的日期中有节假日请选择,
Select the Employee for which you want to allocate leaves.,选择需要分配假期的员工,
Select the Employee.,选择员工,
"Select the Leave Type like Sick leave, Privilege Leave, Casual Leave, etc.",选择假期类型如病假、特权假、事假等,
Select the date after which this Leave Allocation will expire.,选择本假期分配过期日期,
Select the date from which this Leave Allocation will be valid.,选择本假期分配生效日期,
Select the end date for your Leave Application.,选择请假申请截止日期,
Select the salary components whose total will be used from the salary slip to calculate the hourly overtime rate.,选择将从工资条中提取总额用于计算小时加班费的工资组件。,
Select the start date for your Leave Application.,选择请假申请开始日期,
Select this if you want shift assignments to be automatically created indefinitely.,选择此项将无限期自动创建班次分配,
"Select type of leave the employee wants to apply for, like Sick Leave, Privilege Leave, Casual Leave, etc.",选择员工申请的假期类型如病假、特权假、事假等,
Select your Leave Approver i.e. the person who approves or rejects your leaves.,选择您的假期审批人,
Select {0},选择{0},
Selected employee advance is not of employee {0},所选的员工预支不属于员工 {0},
Selected employee advance is not of employee {},所选的员工预支不属于员工 {},
Self Appraisal,自我评估,
Self Appraisal Pending: {0},待自我评估：{0},
Self Appraisal Score,自我评估得分,
Self Score,自我评分,
Self-Study,自主学习,
Self-approval for Expense Claims is not allowed,不允许费用报销的自我审批,
Self-approval for leaves is not allowed,禁止自我审批假期,
Seminar,研讨会,
Send Emails At,邮件发送时间,
Send Exit Questionnaire,发送离职问卷,
Send Exit Questionnaires,批量发送离职问卷,
Send Interview Feedback Reminder,发送面试反馈提醒,
Send Interview Reminder,发送面试提醒,
Send Leave Notification,发送休假通知,
Sender,发件人,
Sender Copy,发件人副本,
Sender Email,发件人邮箱,
Sending Failed due to missing email information for employee(s): {1},发送失败，缺失员工邮箱信息：{1},
Sent,已发送,
Sent Successfully: {0},成功发送：{0},
Sep,九月,
Separation Activities,离职活动,
Separation Begins On,离职流程开始日期,
Series,单据编号模板,
Service,服务,
Service Details,服务明细,
Service Expense,服务费用,
Service Expenses,服务费用,
Service Item,服务物料,
Set Assignment Details,设置分配明细,
Set Leave Details,设置休假明细,
Set Relieving Date for Employee: {0},设置员工{0}的离职日期,
Set filters to fetch employees,设置筛选条件获取员工,
Set opening balances for earnings and taxes from the previous employer,设置前雇主收入与税费期初余额,
Set optional filters to fetch employees in the appraisee list,设置可选筛选条件获取被考核人列表,
Set the default account for the {0} {1},为{0}{1}设置默认账户,
Set the frequency for holiday reminders,设置假期提醒频率,
Set the properties that should be updated in the Employee master on promotion submission,设置晋升提交时需更新的员工主数据属性,
Set the status to {0} if required.,必要时设置状态为{0},
Set {0} for selected employees,为选定员工设置{0},
Settings,设置,
Settings Missing,缺失配置,
Settle all Payables and Receivables before submission,提交前需结清所有应收应付,
Settled,已结清,
Shared document with the user {0} with 'Submit' permission,已与用户{0}共享文档并授予“提交”权限,
Shift,班次,
Shift Actual End,班次实际结束,
Shift Actual End Time,班次实际结束时间,
Shift Actual Start,班次实际开始,
Shift Actual Start Time,班次实际开始时间,
Shift Assignment,班次分配,
Shift Assignment Details,班次分配明细,
Shift Assignment Tool,班次分配工具,
Shift Assignment: {0} created for Employee: {1},已为员工{1}创建班次分配{0},
Shift Assignments created for the schedule between {0} and {1} via background job,已通过后台任务为{0}至{1}期间的排班创建班次分配,
Shift Attendance,班次考勤,
Shift End,班次结束,
Shift End Time,班次结束时间,
Shift Location,班次地点,
Shift Request,班次申请,
Shift Request Approver,班次申请审批人,
Shift Request Filters,班次申请筛选器,
Shift Requests ending before this date will be excluded.,此日期前结束的班次申请将被排除,
Shift Requests starting after this date will be excluded.,此日期后开始的班次申请将被排除,
Shift Schedule,班次表,
Shift Schedule Assignment,班次表分配,
Shift Settings,班次设置,
Shift Start,班次开始,
Shift Start Time,班次开始时间,
Shift Status,班次状态,
Shift Timings,班次时间,
Shift Tools,班次工具,
Shift Type,班次类型,
Shift and Attendance,班次与考勤,
Shift assignments for {0} after {1} are already created. Please change {2} date to a date later than {3} {4},{0}在{1}之后的班次分配已创建。请将{2}日期更改为晚于{3}{4}的日期,
Shift has been successfully updated to {0}.,班次已成功更新为{0},
Show Employee,显示员工,
Show Leave Balances in Salary Slip,工资条显示假期余额,
Show Leaves Of All Department Members In Calendar,日历显示部门全体成员假期,
Show Salary Slip,显示工资条,
Showing,显示中,
Sick Leave,病假,
Single Assignment,单次分配,
Skill,技能,
Skill Assessment,技能评估,
Skill Name,技能名称,
Skills,技能列表,
Skip Auto Attendance,跳过自动考勤,
"Skipping Salary Structure Assignment for the following employees, as Salary Structure Assignment records already exists against them. {0}",以下员工薪资结构分配记录已存在，跳过分配：{0},
Source,来源,
Source Name,源名称,
Source and Rating,来源与评分,
Source and target shifts cannot be the same,源班次与目标班次不可相同,
Sponsored Amount,赞助金额,
Staffing Details,人员配置明细,
Staffing Plan,人员配置计划,
Staffing Plan Detail,人员配置计划明细,
Staffing Plan {0} already exist for designation {1},职级{1}已存在人员配置计划{0},
Standard Multiplier,标准乘数,
Standard Tax Exemption Amount,标准免税额度,
Standard Working Hours,标准工时,
Start,开始,
Start Date,开始日期,
Start Time,开始时间,
"Start and end dates not in a valid Payroll Period, cannot calculate {0}.",起止日期不在有效薪资周期内，无法计算{0},
Start date cannot be greater than end date,开始日期不能大于结束日期,
Start date cannot be greater than end date.,开始日期不能大于结束日期。,
Start date: {0},开始日期：{0},
Start time and end time cannot be same.,开始与结束时间不可相同,
Statistical Component,统计组件,
Status,状态,
Stock Options,股票期权,
Stop users from making Leave Applications on following days.,禁止用户在下述日期申请休假,
Strictly based on Log Type in Employee Checkin,严格依据员工签到日志类型,
Structures have been assigned successfully,结构分配成功,
Subject,主题,
Submission Failed,提交失败,
Submission of {0} before {1} is not allowed,禁止在{1}前提交{0},
Submit,提交,
Submit Feedback,提交反馈,
Submit Now,立即提交,
Submit Overtime Slips,提交加班单,
Submit Salary Slip,提交工资条,
Submit this Leave Application to confirm.,提交请假申请以确认,
Submit this to create the Employee record,提交以创建员工档案,
Submitted,已提交,
Submitted via Payroll Entry,通过薪资录入提交,
Submitting Salary Slips and creating Journal Entry...,提交工资条并创建日记账分录...,
Submitting Salary Slips...,正在提交工资条...,
Subsidiary companies have already planned for {1} vacancies at a budget of {2}. Staffing Plan for {0} should allocate more vacancies and budget for {3} than planned for its subsidiary companies,子公司已规划{1}个空缺岗位，预算{2}。{0}的人员配置计划应为{3}分配更多空缺和预算,
Success,成功,
Successfully created {0} for employees:,成功为员工创建{0}：,
Successfully {0} {1} for the following employees:,成功为以下员工{0}{1}：,
Sum of benefit amounts {0} exceeds maximum limit of {1},福利金额总和{0}超过最大限额{1},
Summarized View,汇总视图,
Sunday,星期日,
Supplier,供应商,
Suspended,暂停,
Sync {0},同步{0},
Syntax error,语法错误,
Syntax error in condition: {0} in Income Tax Slab,所得税税级条件语法错误：{0},
System Health,系统健康状态,
System Manager,系统管理员,
Task,任务,
Task Weight,任务权重,
Tax Deducted Till Date,截至当前已扣税款,
Tax Exemption Declaration,免税申报,
Tax on additional salary,附加薪资税费,
Tax on flexible benefit,弹性福利税费,
Taxable Earnings Till Date,截至当前应税收入,
Taxable Salary Slab,应税薪资税级,
Taxes & Charges,税费与附加,
Taxi,出租车,
Team Updates,团队动态,
Template Name,模板名称,
Template Title,模板标题,
Tenure,任期,
Terms,条款,
Terms and Conditions,条款和条件,
Thank you,谢谢,
The currency of {0} should be same as the company's default currency. Please select another account.,账户{0}的币种需与公司默认币种一致。请选择其他账户,
The date on which Salary Component with Amount will contribute for Earnings/Deduction in Salary Slip. ,薪资组件金额计入工资条收入/扣除项的日期,
The day of the month when leaves should be allocated,每月分配假期的日期,
The day(s) on which you are applying for leave are holidays. You need not apply for leave.,申请日期为节假日，无需请假,
The days between {0} to {1} are not valid holidays.,{0}至{1}期间并非有效节假日,
The first Approver in the list will be set as the default Approver.,列表首位审批人将设为默认审批人,
The fraction of Daily Salary per Leave should be between 0 and 1,单日假薪资扣除比例应在0到1之间,
The fraction of daily wages to be paid for half-day attendance,半日出勤需支付的日薪比例,
The metrics for this report are calculated based on the {0}. Please set {0} in {1}.,本报告指标基于{0}计算，请在{1}设置{0},
The metrics for this report are calculated based on {0}. Please set {0} in {1}.,本报告指标基于{0}计算，请在{1}设置{0},
"The salary slip emailed to the employee will be password protected, the password will be generated based on the password policy.",邮件发送的工资条将密码保护，密码根据密码策略生成,
Theory,理论,
There are more holidays than working days this month.,本月节假日多于工作日,
There are multiple shifts assigned to the employee for the same period. Please mention the shift,同一时间段内为员工分配了多个班次。请指定班次,
There are no arrear differences between existing and new salary structure components.,现有与新薪资结构组件之间无欠薪差异。,
There are no vacancies under staffing plan {0},人员配置计划{0}下无空缺岗位,
There is no Salary Structure assigned to {0}. First assign a Salary Structure.,没有为 {0} 分配薪资结构。请先分配薪资结构。,
There's no Employee with Salary Structure: {0}. Assign {1} to an Employee to preview Salary Slip,无员工使用薪资结构{0}。分配{1}给员工以预览工资条,
"These leaves are holidays permitted by the company however, availing it is optional for an Employee.",此类假期为公司允许的节假日，员工可自主选择是否休假,
This action will prevent making changes to the linked appraisal feedback/goals.,此操作将阻止修改关联的考核反馈/目标,
"This check-in is outside assigned shift hours and will not be considered for attendance. If a shift is assigned, adjust its time window and Fetch Shift again.",当前签到时间超出班次时段不计入考勤。若已分配班次，请调整时间后重新获取班次,
This compensatory leave will be applicable from {0}.,本补休假自{0}起生效,
This employee already has a log with the same timestamp.{0},该员工已有相同时间戳记录{0},
This error can be due to invalid formula or condition.,可能由无效公式或条件导致,
This error can be due to invalid syntax.,可能由语法错误导致,
This error can be due to missing or deleted field.,可能由字段缺失或删除导致,
This field allows you to set the maximum number of consecutive leaves an Employee can apply for.,本字段用于设置员工可申请的最大连续休假天数,
This field allows you to set the maximum number of leaves that can be allocated annually for this Leave Type while creating the Leave Policy,本字段用于在创建休假政策时设置该假期类型的年度最大分配天数,
This is based on the attendance of this Employee,基于该员工的考勤记录,
This method is only meant for developer mode,本方法仅适用于开发者模式,
This will overwrite the tax component {0} in the salary slip and tax won't be calculated based on the Income Tax Slabs,这将覆盖工资单中的税务组件{0}，且不再根据所得税税率表计算税额,
This will submit Salary Slips and create accrual Journal Entry. Do you want to proceed?,将提交工资单并创建应计日记账分录。是否继续？,
Thursday,星期四,
Time,时间,
Time Interval,时间间隔,
Time Sheet,工时表,
Time taken to fill the open positions,填补空缺职位的耗时,
Time to Fill,填补时间,
Timelines,时间线,
Timesheet,工时表,
Timesheet Details,工时明细,
Timing,时间安排,
Title,标题,
To,收件人,
To Amount,目标金额,
To Date,结束日期,
To Date cannot be before From Date,到日期不能早于日期,
To Date should be greater than From Date,截止日期应晚于起始日期,
To Time,结束时间,
To User,目标用户,
"To allow this, enable {0} under {1}.",要允许此操作，请在{1}下启用{0},
To apply for a Half Day check 'Half Day' and select the Half Day Date,要申请半天假，请勾选'半天假'并选择半天假日期,
To date can not be equal or less than from date,截止日期不可等于或早于起始日期,
To date can not be greater than employee's relieving date.,截止日期不可晚于员工离职日期,
To date can not be less than from date,截止日期不可早于起始日期,
To date can not greater than employee's relieving date,截止日期不可超过员工离职日期,
To date cannot be before from date,截止日期不可早于起始日期,
"To overwrite the salary component amount for a tax component, please enable {0}",要覆盖税务组件的薪资组件金额，请启用{0},
Today is {0}'s birthday 🎉,今天是{0}的生日🎉,
Today {0} at our Company! 🎉,今天是{0}在我司的纪念日！🎉,
Today {0} completed {1} {2} at our Company! 🎉,今天 {0} 在我们公司完成了 {1} {2}！🎉,
Total,总计,
Total (Company Currency),总金额（本币）,
Total Absent,总缺勤数,
Total Accrued,总计提额,
Total Advance Amount,预支总金额,
Total Advance Amount (Company Currency),预支总额（公司本位币）,
Total Allocated Leave(s),总分配假期,
Total Allocated Leaves,总分配假期,
Total Amount,总金额,
Total Amount Reimbursed,已报销总金额,
Total Asset Recovery Cost,资产回收总成本,
Total Billed Hours,总计费工时,
Total Claimed Amount,申报总金额,
Total Claimed Amount (Company Currency),报销总额（公司本位币）,
Total Days Without Pay,无薪总天数,
Total Deduction,总扣除额,
Total Deduction (Company Currency),总扣除额（公司币种）,
Total Early Exits,早退总次数,
Total Earning,总收入,
Total Earnings,总收入,
Total Estimated Budget,总预算估算,
Total Estimated Cost,总成本估算,
Total Exchange Gain/Loss,汇兑损益合计,
Total Expense Claim (via Expense Claim),费用报销总额（通过费用报销单）,
Total Expense Claim (via Expense Claims),费用报销总额（通过费用报销）,
Total Goal Score,目标总分,
Total Gross Pay,应发工资总额,
Total Holidays,总假日数,
Total Hours (T),总工时（T）,
Total Income Tax,所得税总额,
Total Interest Amount,利息总金额,
Total Late Entries,迟到总次数,
Total Leave Days,总请假天数,
Total Leaves,总假期,
Total Leaves ({0}),总假期（{0}）,
Total Leaves Allocated,总分配假期,
Total Leaves Encashed,已兑现总假期,
Total Loan Repayment,贷款偿还总额,
Total Net Pay,实发工资总额,
Total Non-Billed Hours,不计费总工时,
Total Overtime Duration,总加班时长,
Total Payable Amount,应付总金额,
Total Payment,总付款额,
Total Payout,总支付额,
Total Present,总出勤数,
Total Principal Amount,本金总额,
Total Receivable Amount,应收总金额,
Total Resignations,总离职人数,
Total Sanctioned Amount,批准总金额,
Total Sanctioned Amount (Company Currency),核准总额（公司本位币）,
Total Score,总分,
Total Self Score,自评总分,
Total Taxes and Charges,总税费,
Total Taxes and Charges (Company Currency),总税费（本币）,
Total Working Hours,总工时,
Total advance amount cannot be greater than total sanctioned amount,预支总额不可超过批准总额,
Total allocated leaves are more than maximum allocation allowed for {0} leave type for employee {1} in the period,分配假期总数超过员工{1}在期间内{0}假期类型的最大可分配数,
Total allocated leaves {0} cannot be less than already approved leaves {1} for the period,分配假期总数{0}不可少于期间内已批准假期数{1},
Total in words,大写金额,
Total in words (Company Currency),大写金额（公司币种）,
Total leaves allocated cannot exceed annual allocation of {0}.,分配假期总数不可超过年度分配额{0},
Total leaves allocated is mandatory for Leave Type {0},假期类型{0}必须填写分配假期总数,
Total of all employee benefits cannot be greater that Max Benefits Amount {0},所有员工福利总额不能大于最大福利金额{0},
Total percentage against cost centers should be 100,成本中心的总百分比应为 100,
Total salary booked against this component for this employee from the beginning of the year (payroll period or fiscal year) up to the current salary slip's end date.,本年度（薪资周期或会计年度）至当前工资单截止日，该员工本组件累计薪资总额,
Total salary booked for this employee from the beginning of the month up to the current salary slip's end date.,本月至当前工资单截止日，该员工累计薪资总额,
Total salary booked for this employee from the beginning of the year (payroll period or fiscal year) up to the current salary slip's end date.,本年度（薪资周期或会计年度）至当前工资单截止日，该员工累计薪资总额,
"Total weightage for all {0} must add up to 100. Currently, it is {1}%",所有{0}的总权重必须为100%。当前为{1}%,
Total working hours should not be greater than max working hours {0},总工时不可超过最大工时{0},
Totals,合计,
Train,培训,
Trainer Email,培训师邮箱,
Trainer Name,培训师姓名,
Training,培训,
Training Date,培训日期,
Training Event,培训活动,
Training Event Employee,培训活动员工,
Training Event:,培训活动：,
Training Events,培训活动,
Training Feedback,培训反馈,
Training Program,培训计划,
Training Result,培训结果,
Training Result Employee,培训结果员工,
Trainings,培训记录,
Transaction Date,交易日期,
Transaction Name,交易名称,
Transaction Type,交易类型,
Transactions,交易,
Transactions cannot be created for an Inactive Employee {0}.,无法为离职员工{0}创建交易记录,
Transfer Date,调岗日期,
Travel,差旅,
Travel Advance Required,需预支差旅费,
Travel From,出发地,
Travel Funding,差旅经费,
Travel Itinerary,差旅行程,
Travel Request,差旅申请,
Travel Request Costing,差旅申请成本核算,
Travel To,目的地,
Travel Type,差旅类型,
Tuesday,星期二,
Type,类型,
Unable to retrieve your location,无法获取您的位置,
Unarchive,取消归档,
Unclaimed Amount,未认领金额,
Unclaimed Amount (Company Currency),未报销金额（公司本位币）,
Under Review,审核中,
Unlinked Attendance record from Employee Checkins: {},已解除考勤记录与员工签到的关联：{},
Unlinked logs,未关联日志,
Unmarked Attendance for days,未标记考勤天数,
Unmarked Check-in Logs Found,发现未标记签到记录,
Unmarked Days,未标记天数,
Unmarked Employee Header,未标记员工标题,
Unmarked Employees HTML,未标记员工HTML,
Unmarked days,未标记天数,
Unpaid,未付,
Unpaid Accrual,未支付计提额,
Unpaid Expense Claim,未支付费用报销,
Unsettled,未结算,
Unsettled Transactions,未结算交易,
Unsubmitted Appraisals,未提交考核,
Untracked Hours,未跟踪工时,
Untracked Hours (U),未跟踪工时（U）,
Unused leaves,未使用假期,
Upcoming Holidays Reminder,假期临近提醒,
Upcoming Shifts,即将排班,
Update,更新,
Update Job Applicant,更新职位申请人,
Update Progress,更新进度,
Update Response,更新回复,
Update Salary Structures,更新薪资结构,
Update Status,更新状态,
Updated status from {0} to {1} for date {2} in the attendance record {3},考勤记录{3}中日期{2}的状态已从{0}更新为{1},
Updated the Job Applicant status to {0},已将职位申请人状态更新为{0},
Updated the status of Job Offer {0} for the linked Job Applicant {1} to {2},已将关联的职位申请人{1}的录用通知{0}状态更新为{2},
Updated the status of linked Job Applicant {0} to {1},已更新关联职位申请人{0}的状态为{1},
Upload Attendance,上传考勤,
Upload HTML,上传HTML,
Upload images or documents,上传图片或文档,
Upper Range,上限范围,
Used Leave(s),已用假期,
Used Leaves,已用假期,
User,用户,
Users,用户,
Utilization,利用率,
Vacancies,空缺职位,
Vacancies cannot be lower than the current openings,空缺职位不可少于当前空缺数,
Vacancies fulfilled,已填补空缺,
Validate Attendance,验证考勤,
Validating Employee Attendance...,正在验证员工考勤...,
Value / Description,数值/描述,
Value missing,缺少数值,
Variable,变量,
Variable Based On Taxable Salary,基于应税工资的变量,
Vegetarian,素食,
Vehicle,车辆,
Vehicle Expenses,车辆费用,
Vehicle Log,车辆日志,
Vehicle Service,车辆服务,
Vehicle Service Item,车辆服务项目,
View,查看,
View Exchange Gain/Loss Journals,查看汇兑损益日记账,
View Goals,查看目标,
View Ledger,查看总账,
View List,查看列表,
Violet,紫色,
WARNING: Loan Management module has been separated from ERPNext.,警告：贷款管理模块已从ERPNext中分离,
Walk In,主动上门,
Warning,警告,
Warning: Insufficient leave balance for Leave Type {0} in this allocation.,警告：本次分配中{0}假期类型的可用余额不足,
Warning: Insufficient leave balance for Leave Type {0}.,警告：{0}假期类型的可用余额不足,
Warning: Leave application contains following block dates,警告：请假申请包含以下禁假日期,
Warning: {0} already has an active Shift Assignment {1} for some/all of these dates.,警告：{0}在部分/全部日期已有生效的班次分配{1},
Website Listing,官网职位列表,
Wednesday,星期三,
Weekend Multiplier,周末乘数,
Weekly,每周,
Weightage (%),权重（%）,
"When set to 'Inactive', employees with conflicting active shifts will not be excluded.",设为'停用'时，冲突班次的有效员工将不被排除,
Whereas allocation for Compensatory Leaves is automatically created or updated on submission of Compensatory Leave Request.,调休申请提交后将自动创建或更新对应的调休分配,
Why is this Candidate Qualified for this Position?,该候选人为何适合此职位？,
Withheld,暂扣,
Work Anniversaries ,工作周年纪念日,
Work Anniversary Reminder,工作周年提醒,
Work End Date,工作结束日期,
Work From Date,工作起始日期,
Work From Home,居家办公,
Work References,工作证明人,
Work Summary for {0},{0}的工作总结,
Worked On Holiday,假日工作,
Workflow State,工作流状态,
Working Days,工作日,
Working Days and Hours,工作日与工作时长,
Working Hours,工作时间,
Workshop,研讨会,
Year,年份,
Year To Date,本年累计,
Year To Date(Company Currency),本年累计（公司币种）,
Yearly,每年,
Yearly Amount,年度金额,
Yearly Benefit,年度福利,
Yellow,黄色,
Yes,是,
"Yes, Proceed",确定继续,
You are not authorized to approve leaves on Block Dates,您无权批准禁假日期内的请假,
You are not present all day(s) between compensatory leave request days,调休申请日期间您未全天出勤,
You can not request for your Default Shift: {0},不可申请默认班次{0},
You can only plan for upto {0} vacancies and budget {1} for {2} as per staffing plan {3} for parent company {4}.,根据母公司{4}的编制计划{3}，您最多可规划{2}的{0}个空缺职位及{1}预算,
You can only submit Leave Encashment for a valid encashment amount,仅当存在有效兑现金额时可提交假期折现申请,
"You can only upload JPG, PNG, PDF, TXT or Microsoft documents.",仅可上传JPG、PNG、PDF、TXT或Microsoft文档,
You cannot reverse more than the total LWP days {0}. You have already reversed {1} days for this employee.,您不能冲销超过总LWP天数{0}。您已为该员工冲销{1}天。,
You do not have permission to complete this action,您无权限执行此操作,
You have no upcoming shifts,您暂无即将排班,
"You may add additional details, if any, and submit the offer.",您可补充其他详细信息（如有）并提交录用通知,
You must be within {0} meters of your shift location to check in.,需在班次地点{0}米范围内方可签到,
You were only present for Half Day on {}. Cannot apply for a full day compensatory leave,您仅于{}出勤半天，不可申请全天调休,
Your Interview session is rescheduled from {0} {1} - {2} to {3} {4} - {5},您的面试时段已从{0}{1}-{2}调整至{3}{4}-{5},
action,操作,
active,生效中,
based on,基于,
create/submit,创建/提交,
created,已创建,
email,电子邮件,
here,此处,
modify_half_day_status,修改半日状态,
or for the Employee's Department: {0},或员工所属部门：{0},
process,处理,
processed,已处理,
reason,原因,
result,结果,
results,结果,
review,评审,
reviews,评审,
via Salary Component sync,通过薪资组件同步,
year,年度,
years,年,
{0} & {1},{0} & {1},
{0} : {1},{0}：{1},
{0} <br> This error can be due to missing or deleted field.,{0} <br> 此错误可能由字段缺失或删除导致,
{0} Appraisal(s) are not submitted yet,尚有{0}份考核未提交,
{0} Field,{0} 字段,
{0} Missing,缺失{0},
{0} Row #{1}: Formula is set but {2} is disabled for the Salary Component {3}.,{0} 行#{1}：已设置公式但薪资组件{3}的{2}未启用,
{0} Row #{1}: {2} needs to be enabled for the formula to be considered.,{0} 行#{1}：需启用{2}才能使公式生效,
{0} already allocated for Employee {1} for period {2} to {3},员工{1}在{2}至{3}期间已分配{0},
{0} already exists for employee {1} and period {2},员工{1}在期间{2}已存在{0},
{0} already has an active Shift Assignment {1} for some/all of these dates.,{0}在部分/全部日期已有生效的班次分配{1},
{0} applicable after {1} working days,{0}需在{1}个工作日之后生效,
{0} completed {1} {2},{0} 完成了 {1} {2},
{0} has {1} enabled,{0}已启用{1},
{0} is an Accrual Component and this will be recorded as a payout in Employee Benefits Ledger,{0}为计提组件，这将作为支付记录在员工福利分类账中,
{0} is an invalid Attendance Status.,{0}为无效考勤状态。,
{0} is mandatory,{0} 是必填项,
{0} is not a holiday.,{0}非节假日,
{0} is not allowed to submit Interview Feedback for the Interview: {1},{0}无权提交面试{1}的反馈,
{0} is not in Optional Holiday List,{0}不在可选假期列表中,
{0} is required,{0} 是必填项,
{0} leaves allocated successfully,成功分配{0}天假期,
{0} leaves from allocation for {1} leave type have expired and will be processed during the next scheduled job. It is recommended to expire them now before creating new leave policy assignments.,针对{1}假期类型分配的{0}天假期已过期，系统将在下次计划任务中自动处理。建议在新建假期政策分配前立即执行过期操作。,
{0} leaves were manually allocated by {1} on {2},{1}于{2}手动分配了{0}天假期,
{0} must be submitted,必须提交{0},
{0} of {1} Completed,已完成{1}中的{0},
{0} to {1} employee(s)?,确认将{0}应用于{1}名员工？,
{0} vacancies and {1} budget for {2} already planned for subsidiary companies of {3}. You can only plan for upto {4} vacancies and and budget {5} as per staffing plan {6} for parent company {3}.,子公司{3}已规划{2}的{0}个空缺职位及{1}预算。根据母公司{3}的编制计划{6}，您最多可规划{4}个空缺职位及{5}预算,
{0} will be updated for the following Salary Structures: {1}.,将更新以下薪资结构{1}的{0},
{0} {1} {2}?,{0} {1} {2}?,
{0}. Check error log for more details.,{0}。请查看错误日志了解详情。,
"{0}: Employee email not found, hence email not sent",{0}：未找到员工邮箱，邮件未发送,
{0}: From {0} of type {1},{0}：类型为{1}的{0},
{0}: {1},{0}：{1},
{0}d,{0}天,
{} {} open for this position.,该职位有{}个{}空缺,
